0,4
0.00040016,4
0.00080048,4
0.001201,4
0.0016016,4
0.0020024,4
0.0024034,4
0.0028045,4
0.0032058,4
0.0036072,4
0.0040088,4
0.0044106,4
0.0048125,4
0.0052146,4
0.0056168,4
0.0060192,4
0.0064218,4
0.0068245,4
0.0072274,4
0.0076305,4
0.0080337,4
0.008437,4
0.0088406,4
0.0092443,4
0.0096481,4
0.010052,3.9999
0.010456,3.9999
0.010861,3.9999
0.011265,3.9999
0.01167,3.9999
0.012075,3.9999
0.01248,3.9999
0.012885,3.9999
0.01329,3.9999
0.013696,3.9999
0.014101,3.9999
0.014507,3.9999
0.014913,3.9999
0.015319,3.9999
0.015725,3.9999
0.016132,3.9999
0.016538,3.9999
0.016945,3.9999
0.017352,3.9998
0.017759,3.9998
0.018166,3.9998
0.018574,3.9998
0.018981,3.9998
0.019389,3.9998
0.019797,3.9998
0.020205,3.9998
0.020613,3.9998
0.021022,3.9998
0.02143,3.9998
0.021839,3.9998
0.022248,3.9998
0.022657,3.9997
0.023066,3.9997
0.023475,3.9997
0.023885,3.9997
0.024295,3.9997
0.024704,3.9997
0.025114,3.9997
0.025525,3.9997
0.025935,3.9997
0.026346,3.9997
0.026756,3.9996
0.027167,3.9996
0.027578,3.9996
0.027989,3.9996
0.0284,3.9996
0.028812,3.9996
0.029224,3.9996
0.029635,3.9996
0.030047,3.9995
0.03046,3.9995
0.030872,3.9995
0.031284,3.9995
0.031697,3.9995
0.03211,3.9995
0.032523,3.9995
0.032936,3.9995
0.033349,3.9994
0.033762,3.9994
0.034176,3.9994
0.03459,3.9994
0.035004,3.9994
0.035418,3.9994
0.035832,3.9994
0.036247,3.9993
0.036661,3.9993
0.037076,3.9993
0.037491,3.9993
0.037906,3.9993
0.038321,3.9993
0.038737,3.9992
0.039152,3.9992
0.039568,3.9992
0.039984,3.9992
0.0404,3.9992
0.040816,3.9992
0.041233,3.9991
0.041649,3.9991
0.042066,3.9991
0.042483,3.9991
0.0429,3.9991
0.043317,3.9991
0.043734,3.999
0.044152,3.999
0.04457,3.999
0.044988,3.999
0.045406,3.999
0.045824,3.9989
0.046242,3.9989
0.046661,3.9989
0.047079,3.9989
0.047498,3.9989
0.047917,3.9989
0.048337,3.9988
0.048756,3.9988
0.049176,3.9988
0.049595,3.9988
0.050015,3.9987
0.050435,3.9987
0.050855,3.9987
0.051276,3.9987
0.051696,3.9987
0.052117,3.9986
0.052538,3.9986
0.052959,3.9986
0.05338,3.9986
0.053801,3.9986
0.054223,3.9985
0.054645,3.9985
0.055066,3.9985
0.055489,3.9985
0.055911,3.9984
0.056333,3.9984
0.056756,3.9984
0.057178,3.9984
0.057601,3.9983
0.058024,3.9983
0.058447,3.9983
0.058871,3.9983
0.059294,3.9982
0.059718,3.9982
0.060142,3.9982
0.060566,3.9982
0.06099,3.9981
0.061414,3.9981
0.061839,3.9981
0.062264,3.9981
0.062688,3.998
0.063113,3.998
0.063539,3.998
0.063964,3.998
0.064389,3.9979
0.064815,3.9979
0.065241,3.9979
0.065667,3.9978
0.066093,3.9978
0.06652,3.9978
0.066946,3.9978
0.067373,3.9977
0.0678,3.9977
0.068227,3.9977
0.068654,3.9976
0.069081,3.9976
0.069509,3.9976
0.069936,3.9976
0.070364,3.9975
0.070792,3.9975
0.071221,3.9975
0.071649,3.9974
0.072077,3.9974
0.072506,3.9974
0.072935,3.9973
0.073364,3.9973
0.073793,3.9973
0.074223,3.9972
0.074652,3.9972
0.075082,3.9972
0.075512,3.9971
0.075942,3.9971
0.076372,3.9971
0.076802,3.997
0.077233,3.997
0.077664,3.997
0.078095,3.9969
0.078526,3.9969
0.078957,3.9969
0.079388,3.9968
0.07982,3.9968
0.080252,3.9968
0.080683,3.9967
0.081116,3.9967
0.081548,3.9967
0.08198,3.9966
0.082413,3.9966
0.082846,3.9966
0.083278,3.9965
0.083711,3.9965
0.084145,3.9965
0.084578,3.9964
0.085012,3.9964
0.085445,3.9963
0.085879,3.9963
0.086313,3.9963
0.086748,3.9962
0.087182,3.9962
0.087617,3.9962
0.088052,3.9961
0.088486,3.9961
0.088922,3.996
0.089357,3.996
0.089792,3.996
0.090228,3.9959
0.090664,3.9959
0.0911,3.9958
0.091536,3.9958
0.091972,3.9958
0.092409,3.9957
0.092845,3.9957
0.093282,3.9956
0.093719,3.9956
0.094156,3.9956
0.094593,3.9955
0.095031,3.9955
0.095468,3.9954
0.095906,3.9954
0.096344,3.9954
0.096782,3.9953
0.097221,3.9953
0.097659,3.9952
0.098098,3.9952
0.098537,3.9951
0.098976,3.9951
0.099415,3.9951
0.099854,3.995
0.10029,3.995
0.10073,3.9949
0.10117,3.9949
0.10161,3.9948
0.10205,3.9948
0.10249,3.9947
0.10293,3.9947
0.10338,3.9947
0.10382,3.9946
0.10426,3.9946
0.1047,3.9945
0.10514,3.9945
0.10558,3.9944
0.10602,3.9944
0.10646,3.9943
0.10691,3.9943
0.10735,3.9942
0.10779,3.9942
0.10823,3.9941
0.10868,3.9941
0.10912,3.994
0.10956,3.994
0.11001,3.9939
0.11045,3.9939
0.11089,3.9938
0.11134,3.9938
0.11178,3.9937
0.11223,3.9937
0.11267,3.9936
0.11311,3.9936
0.11356,3.9935
0.114,3.9935
0.11445,3.9934
0.11489,3.9934
0.11534,3.9933
0.11578,3.9933
0.11623,3.9932
0.11668,3.9932
0.11712,3.9931
0.11757,3.9931
0.11801,3.993
0.11846,3.993
0.11891,3.9929
0.11935,3.9929
0.1198,3.9928
0.12025,3.9928
0.1207,3.9927
0.12114,3.9927
0.12159,3.9926
0.12204,3.9925
0.12249,3.9925
0.12294,3.9924
0.12338,3.9924
0.12383,3.9923
0.12428,3.9923
0.12473,3.9922
0.12518,3.9922
0.12563,3.9921
0.12608,3.992
0.12653,3.992
0.12698,3.9919
0.12743,3.9919
0.12788,3.9918
0.12833,3.9918
0.12878,3.9917
0.12923,3.9916
0.12968,3.9916
0.13013,3.9915
0.13058,3.9915
0.13103,3.9914
0.13148,3.9913
0.13194,3.9913
0.13239,3.9912
0.13284,3.9912
0.13329,3.9911
0.13374,3.991
0.1342,3.991
0.13465,3.9909
0.1351,3.9909
0.13556,3.9908
0.13601,3.9907
0.13646,3.9907
0.13692,3.9906
0.13737,3.9906
0.13782,3.9905
0.13828,3.9904
0.13873,3.9904
0.13919,3.9903
0.13964,3.9902
0.1401,3.9902
0.14055,3.9901
0.14101,3.99
0.14146,3.99
0.14192,3.9899
0.14237,3.9899
0.14283,3.9898
0.14328,3.9897
0.14374,3.9897
0.1442,3.9896
0.14465,3.9895
0.14511,3.9895
0.14557,3.9894
0.14602,3.9893
0.14648,3.9893
0.14694,3.9892
0.1474,3.9891
0.14785,3.9891
0.14831,3.989
0.14877,3.9889
0.14923,3.9888
0.14969,3.9888
0.15015,3.9887
0.1506,3.9886
0.15106,3.9886
0.15152,3.9885
0.15198,3.9884
0.15244,3.9884
0.1529,3.9883
0.15336,3.9882
0.15382,3.9882
0.15428,3.9881
0.15474,3.988
0.1552,3.9879
0.15566,3.9879
0.15612,3.9878
0.15658,3.9877
0.15704,3.9876
0.15751,3.9876
0.15797,3.9875
0.15843,3.9874
0.15889,3.9874
0.15935,3.9873
0.15982,3.9872
0.16028,3.9871
0.16074,3.9871
0.1612,3.987
0.16167,3.9869
0.16213,3.9868
0.16259,3.9868
0.16306,3.9867
0.16352,3.9866
0.16398,3.9865
0.16445,3.9865
0.16491,3.9864
0.16538,3.9863
0.16584,3.9862
0.16631,3.9861
0.16677,3.9861
0.16724,3.986
0.1677,3.9859
0.16817,3.9858
0.16863,3.9858
0.1691,3.9857
0.16956,3.9856
0.17003,3.9855
0.1705,3.9854
0.17096,3.9854
0.17143,3.9853
0.1719,3.9852
0.17236,3.9851
0.17283,3.985
0.1733,3.985
0.17376,3.9849
0.17423,3.9848
0.1747,3.9847
0.17517,3.9846
0.17564,3.9845
0.1761,3.9845
0.17657,3.9844
0.17704,3.9843
0.17751,3.9842
0.17798,3.9841
0.17845,3.984
0.17892,3.984
0.17939,3.9839
0.17986,3.9838
0.18033,3.9837
0.1808,3.9836
0.18127,3.9835
0.18174,3.9835
0.18221,3.9834
0.18268,3.9833
0.18315,3.9832
0.18362,3.9831
0.18409,3.983
0.18456,3.9829
0.18504,3.9828
0.18551,3.9828
0.18598,3.9827
0.18645,3.9826
0.18692,3.9825
0.1874,3.9824
0.18787,3.9823
0.18834,3.9822
0.18882,3.9821
0.18929,3.982
0.18976,3.982
0.19024,3.9819
0.19071,3.9818
0.19118,3.9817
0.19166,3.9816
0.19213,3.9815
0.19261,3.9814
0.19308,3.9813
0.19356,3.9812
0.19403,3.9811
0.19451,3.981
0.19498,3.9809
0.19546,3.9809
0.19593,3.9808
0.19641,3.9807
0.19688,3.9806
0.19736,3.9805
0.19784,3.9804
0.19831,3.9803
0.19879,3.9802
0.19927,3.9801
0.19974,3.98
0.20022,3.9799
0.2007,3.9798
0.20118,3.9797
0.20165,3.9796
0.20213,3.9795
0.20261,3.9794
0.20309,3.9793
0.20357,3.9792
0.20405,3.9791
0.20453,3.979
0.205,3.9789
0.20548,3.9788
0.20596,3.9787
0.20644,3.9786
0.20692,3.9785
0.2074,3.9784
0.20788,3.9783
0.20836,3.9782
0.20884,3.9781
0.20932,3.978
0.2098,3.9779
0.21029,3.9778
0.21077,3.9777
0.21125,3.9776
0.21173,3.9775
0.21221,3.9774
0.21269,3.9773
0.21318,3.9772
0.21366,3.9771
0.21414,3.977
0.21462,3.9769
0.2151,3.9768
0.21559,3.9767
0.21607,3.9766
0.21655,3.9765
0.21704,3.9764
0.21752,3.9763
0.21801,3.9762
0.21849,3.9761
0.21897,3.976
0.21946,3.9758
0.21994,3.9757
0.22043,3.9756
0.22091,3.9755
0.2214,3.9754
0.22188,3.9753
0.22237,3.9752
0.22285,3.9751
0.22334,3.975
0.22382,3.9749
0.22431,3.9748
0.2248,3.9747
0.22528,3.9745
0.22577,3.9744
0.22626,3.9743
0.22674,3.9742
0.22723,3.9741
0.22772,3.974
0.22821,3.9739
0.22869,3.9738
0.22918,3.9737
0.22967,3.9735
0.23016,3.9734
0.23065,3.9733
0.23113,3.9732
0.23162,3.9731
0.23211,3.973
0.2326,3.9729
0.23309,3.9727
0.23358,3.9726
0.23407,3.9725
0.23456,3.9724
0.23505,3.9723
0.23554,3.9722
0.23603,3.972
0.23652,3.9719
0.23701,3.9718
0.2375,3.9717
0.23799,3.9716
0.23848,3.9715
0.23897,3.9713
0.23947,3.9712
0.23996,3.9711
0.24045,3.971
0.24094,3.9709
0.24143,3.9707
0.24193,3.9706
0.24242,3.9705
0.24291,3.9704
0.24341,3.9703
0.2439,3.9701
0.24439,3.97
0.24488,3.9699
0.24538,3.9698
0.24587,3.9697
0.24637,3.9695
0.24686,3.9694
0.24736,3.9693
0.24785,3.9692
0.24834,3.969
0.24884,3.9689
0.24933,3.9688
0.24983,3.9687
0.25032,3.9685
0.25082,3.9684
0.25132,3.9683
0.25181,3.9682
0.25231,3.968
0.2528,3.9679
0.2533,3.9678
0.2538,3.9677
0.25429,3.9675
0.25479,3.9674
0.25529,3.9673
0.25579,3.9672
0.25628,3.967
0.25678,3.9669
0.25728,3.9668
0.25778,3.9666
0.25828,3.9665
0.25877,3.9664
0.25927,3.9662
0.25977,3.9661
0.26027,3.966
0.26077,3.9659
0.26127,3.9657
0.26177,3.9656
0.26227,3.9655
0.26277,3.9653
0.26327,3.9652
0.26377,3.9651
0.26427,3.9649
0.26477,3.9648
0.26527,3.9647
0.26577,3.9645
0.26627,3.9644
0.26677,3.9643
0.26727,3.9641
0.26778,3.964
0.26828,3.9639
0.26878,3.9637
0.26928,3.9636
0.26978,3.9634
0.27029,3.9633
0.27079,3.9632
0.27129,3.963
0.2718,3.9629
0.2723,3.9628
0.2728,3.9626
0.27331,3.9625
0.27381,3.9623
0.27431,3.9622
0.27482,3.9621
0.27532,3.9619
0.27583,3.9618
0.27633,3.9616
0.27684,3.9615
0.27734,3.9614
0.27785,3.9612
0.27835,3.9611
0.27886,3.9609
0.27936,3.9608
0.27987,3.9606
0.28037,3.9605
0.28088,3.9604
0.28139,3.9602
0.28189,3.9601
0.2824,3.9599
0.28291,3.9598
0.28341,3.9596
0.28392,3.9595
0.28443,3.9593
0.28494,3.9592
0.28544,3.9591
0.28595,3.9589
0.28646,3.9588
0.28697,3.9586
0.28748,3.9585
0.28798,3.9583
0.28849,3.9582
0.289,3.958
0.28951,3.9579
0.29002,3.9577
0.29053,3.9576
0.29104,3.9574
0.29155,3.9573
0.29206,3.9571
0.29257,3.957
0.29308,3.9568
0.29359,3.9567
0.2941,3.9565
0.29461,3.9564
0.29512,3.9562
0.29564,3.9561
0.29615,3.9559
0.29666,3.9558
0.29717,3.9556
0.29768,3.9554
0.29819,3.9553
0.29871,3.9551
0.29922,3.955
0.29973,3.9548
0.30025,3.9547
0.30076,3.9545
0.30127,3.9544
0.30178,3.9542
0.3023,3.954
0.30281,3.9539
0.30333,3.9537
0.30384,3.9536
0.30435,3.9534
0.30487,3.9533
0.30538,3.9531
0.3059,3.9529
0.30641,3.9528
0.30693,3.9526
0.30744,3.9525
0.30796,3.9523
0.30847,3.9521
0.30899,3.952
0.30951,3.9518
0.31002,3.9517
0.31054,3.9515
0.31106,3.9513
0.31157,3.9512
0.31209,3.951
0.31261,3.9508
0.31312,3.9507
0.31364,3.9505
0.31416,3.9503
0.31468,3.9502
0.31519,3.95
0.31571,3.9498
0.31623,3.9497
0.31675,3.9495
0.31727,3.9493
0.31779,3.9492
0.31831,3.949
0.31883,3.9488
0.31934,3.9487
0.31986,3.9485
0.32038,3.9483
0.3209,3.9482
0.32142,3.948
0.32194,3.9478
0.32246,3.9477
0.32299,3.9475
0.32351,3.9473
0.32403,3.9472
0.32455,3.947
0.32507,3.9468
0.32559,3.9466
0.32611,3.9465
0.32663,3.9463
0.32716,3.9461
0.32768,3.9459
0.3282,3.9458
0.32872,3.9456
0.32925,3.9454
0.32977,3.9453
0.33029,3.9451
0.33082,3.9449
0.33134,3.9447
0.33186,3.9445
0.33239,3.9444
0.33291,3.9442
0.33343,3.944
0.33396,3.9438
0.33448,3.9437
0.33501,3.9435
0.33553,3.9433
0.33606,3.9431
0.33658,3.9429
0.33711,3.9428
0.33763,3.9426
0.33816,3.9424
0.33868,3.9422
0.33921,3.942
0.33974,3.9419
0.34026,3.9417
0.34079,3.9415
0.34132,3.9413
0.34184,3.9411
0.34237,3.941
0.3429,3.9408
0.34342,3.9406
0.34395,3.9404
0.34448,3.9402
0.34501,3.94
0.34554,3.9399
0.34606,3.9397
0.34659,3.9395
0.34712,3.9393
0.34765,3.9391
0.34818,3.9389
0.34871,3.9387
0.34924,3.9385
0.34977,3.9384
0.3503,3.9382
0.35083,3.938
0.35136,3.9378
0.35189,3.9376
0.35242,3.9374
0.35295,3.9372
0.35348,3.937
0.35401,3.9368
0.35454,3.9366
0.35507,3.9365
0.3556,3.9363
0.35613,3.9361
0.35667,3.9359
0.3572,3.9357
0.35773,3.9355
0.35826,3.9353
0.35879,3.9351
0.35933,3.9349
0.35986,3.9347
0.36039,3.9345
0.36093,3.9343
0.36146,3.9341
0.36199,3.9339
0.36253,3.9337
0.36306,3.9335
0.36359,3.9333
0.36413,3.9331
0.36466,3.9329
0.3652,3.9328
0.36573,3.9326
0.36627,3.9324
0.3668,3.9322
0.36734,3.932
0.36787,3.9318
0.36841,3.9316
0.36894,3.9314
0.36948,3.9311
0.37002,3.9309
0.37055,3.9307
0.37109,3.9305
0.37162,3.9303
0.37216,3.9301
0.3727,3.9299
0.37324,3.9297
0.37377,3.9295
0.37431,3.9293
0.37485,3.9291
0.37539,3.9289
0.37592,3.9287
0.37646,3.9285
0.377,3.9283
0.37754,3.9281
0.37808,3.9279
0.37862,3.9277
0.37915,3.9275
0.37969,3.9273
0.38023,3.927
0.38077,3.9268
0.38131,3.9266
0.38185,3.9264
0.38239,3.9262
0.38293,3.926
0.38347,3.9258
0.38401,3.9256
0.38455,3.9254
0.38509,3.9252
0.38564,3.9249
0.38618,3.9247
0.38672,3.9245
0.38726,3.9243
0.3878,3.9241
0.38834,3.9239
0.38889,3.9237
0.38943,3.9234
0.38997,3.9232
0.39051,3.923
0.39106,3.9228
0.3916,3.9226
0.39214,3.9224
0.39268,3.9221
0.39323,3.9219
0.39377,3.9217
0.39432,3.9215
0.39486,3.9213
0.3954,3.921
0.39595,3.9208
0.39649,3.9206
0.39704,3.9204
0.39758,3.9202
0.39813,3.9199
0.39867,3.9197
0.39922,3.9195
0.39976,3.9193
0.40031,3.9191
0.40085,3.9188
0.4014,3.9186
0.40195,3.9184
0.40249,3.9182
0.40304,3.9179
0.40359,3.9177
0.40413,3.9175
0.40468,3.9173
0.40523,3.917
0.40577,3.9168
0.40632,3.9166
0.40687,3.9164
0.40742,3.9161
0.40797,3.9159
0.40851,3.9157
0.40906,3.9154
0.40961,3.9152
0.41016,3.915
0.41071,3.9148
0.41126,3.9145
0.41181,3.9143
0.41236,3.9141
0.4129,3.9138
0.41345,3.9136
0.414,3.9134
0.41455,3.9131
0.4151,3.9129
0.41566,3.9127
0.41621,3.9124
0.41676,3.9122
0.41731,3.912
0.41786,3.9117
0.41841,3.9115
0.41896,3.9113
0.41951,3.911
0.42006,3.9108
0.42062,3.9105
0.42117,3.9103
0.42172,3.9101
0.42227,3.9098
0.42283,3.9096
0.42338,3.9093
0.42393,3.9091
0.42448,3.9089
0.42504,3.9086
0.42559,3.9084
0.42614,3.9081
0.4267,3.9079
0.42725,3.9077
0.42781,3.9074
0.42836,3.9072
0.42891,3.9069
0.42947,3.9067
0.43002,3.9064
0.43058,3.9062
0.43113,3.906
0.43169,3.9057
0.43224,3.9055
0.4328,3.9052
0.43336,3.905
0.43391,3.9047
0.43447,3.9045
0.43502,3.9042
0.43558,3.904
0.43614,3.9037
0.43669,3.9035
0.43725,3.9032
0.43781,3.903
0.43836,3.9027
0.43892,3.9025
0.43948,3.9022
0.44004,3.902
0.4406,3.9017
0.44115,3.9015
0.44171,3.9012
0.44227,3.901
0.44283,3.9007
0.44339,3.9005
0.44395,3.9002
0.4445,3.9
0.44506,3.8997
0.44562,3.8994
0.44618,3.8992
0.44674,3.8989
0.4473,3.8987
0.44786,3.8984
0.44842,3.8982
0.44898,3.8979
0.44954,3.8976
0.4501,3.8974
0.45067,3.8971
0.45123,3.8969
0.45179,3.8966
0.45235,3.8963
0.45291,3.8961
0.45347,3.8958
0.45403,3.8956
0.4546,3.8953
0.45516,3.895
0.45572,3.8948
0.45628,3.8945
0.45685,3.8942
0.45741,3.894
0.45797,3.8937
0.45853,3.8935
0.4591,3.8932
0.45966,3.8929
0.46022,3.8927
0.46079,3.8924
0.46135,3.8921
0.46192,3.8919
0.46248,3.8916
0.46305,3.8913
0.46361,3.891
0.46418,3.8908
0.46474,3.8905
0.46531,3.8902
0.46587,3.89
0.46644,3.8897
0.467,3.8894
0.46757,3.8892
0.46813,3.8889
0.4687,3.8886
0.46927,3.8883
0.46983,3.8881
0.4704,3.8878
0.47097,3.8875
0.47153,3.8872
0.4721,3.887
0.47267,3.8867
0.47323,3.8864
0.4738,3.8861
0.47437,3.8859
0.47494,3.8856
0.4755,3.8853
0.47607,3.885
0.47664,3.8847
0.47721,3.8845
0.47778,3.8842
0.47835,3.8839
0.47892,3.8836
0.47949,3.8833
0.48005,3.8831
0.48062,3.8828
0.48119,3.8825
0.48176,3.8822
0.48233,3.8819
0.4829,3.8817
0.48347,3.8814
0.48404,3.8811
0.48461,3.8808
0.48519,3.8805
0.48576,3.8802
0.48633,3.8799
0.4869,3.8797
0.48747,3.8794
0.48804,3.8791
0.48861,3.8788
0.48919,3.8785
0.48976,3.8782
0.49033,3.8779
0.4909,3.8776
0.49147,3.8773
0.49205,3.8771
0.49262,3.8768
0.49319,3.8765
0.49377,3.8762
0.49434,3.8759
0.49491,3.8756
0.49549,3.8753
0.49606,3.875
0.49663,3.8747
0.49721,3.8744
0.49778,3.8741
0.49836,3.8738
0.49893,3.8735
0.49951,3.8732
0.50008,3.8729
0.50066,3.8726
0.50123,3.8723
0.50181,3.872
0.50238,3.8718
0.50296,3.8715
0.50353,3.8712
0.50411,3.8709
0.50468,3.8706
0.50526,3.8703
0.50584,3.87
0.50641,3.8696
0.50699,3.8693
0.50757,3.869
0.50814,3.8687
0.50872,3.8684
0.5093,3.8681
0.50988,3.8678
0.51045,3.8675
0.51103,3.8672
0.51161,3.8669
0.51219,3.8666
0.51277,3.8663
0.51335,3.866
0.51392,3.8657
0.5145,3.8654
0.51508,3.8651
0.51566,3.8648
0.51624,3.8645
0.51682,3.8641
0.5174,3.8638
0.51798,3.8635
0.51856,3.8632
0.51914,3.8629
0.51972,3.8626
0.5203,3.8623
0.52088,3.862
0.52146,3.8616
0.52204,3.8613
0.52262,3.861
0.5232,3.8607
0.52378,3.8604
0.52437,3.8601
0.52495,3.8598
0.52553,3.8594
0.52611,3.8591
0.52669,3.8588
0.52727,3.8585
0.52786,3.8582
0.52844,3.8579
0.52902,3.8575
0.5296,3.8572
0.53019,3.8569
0.53077,3.8566
0.53135,3.8562
0.53194,3.8559
0.53252,3.8556
0.5331,3.8553
0.53369,3.855
0.53427,3.8546
0.53486,3.8543
0.53544,3.854
0.53602,3.8537
0.53661,3.8533
0.53719,3.853
0.53778,3.8527
0.53836,3.8524
0.53895,3.852
0.53953,3.8517
0.54012,3.8514
0.54071,3.851
0.54129,3.8507
0.54188,3.8504
0.54246,3.8501
0.54305,3.8497
0.54364,3.8494
0.54422,3.8491
0.54481,3.8487
0.5454,3.8484
0.54598,3.8481
0.54657,3.8477
0.54716,3.8474
0.54774,3.8471
0.54833,3.8467
0.54892,3.8464
0.54951,3.8461
0.5501,3.8457
0.55068,3.8454
0.55127,3.845
0.55186,3.8447
0.55245,3.8444
0.55304,3.844
0.55363,3.8437
0.55422,3.8434
0.5548,3.843
0.55539,3.8427
0.55598,3.8423
0.55657,3.842
0.55716,3.8417
0.55775,3.8413
0.55834,3.841
0.55893,3.8406
0.55952,3.8403
0.56011,3.8399
0.5607,3.8396
0.5613,3.8392
0.56189,3.8389
0.56248,3.8386
0.56307,3.8382
0.56366,3.8379
0.56425,3.8375
0.56484,3.8372
0.56544,3.8368
0.56603,3.8365
0.56662,3.8361
0.56721,3.8358
0.5678,3.8354
0.5684,3.8351
0.56899,3.8347
0.56958,3.8344
0.57018,3.834
0.57077,3.8337
0.57136,3.8333
0.57196,3.8329
0.57255,3.8326
0.57314,3.8322
0.57374,3.8319
0.57433,3.8315
0.57492,3.8312
0.57552,3.8308
0.57611,3.8305
0.57671,3.8301
0.5773,3.8297
0.5779,3.8294
0.57849,3.829
0.57909,3.8287
0.57968,3.8283
0.58028,3.8279
0.58087,3.8276
0.58147,3.8272
0.58206,3.8269
0.58266,3.8265
0.58326,3.8261
0.58385,3.8258
0.58445,3.8254
0.58505,3.825
0.58564,3.8247
0.58624,3.8243
0.58684,3.8239
0.58743,3.8236
0.58803,3.8232
0.58863,3.8228
0.58923,3.8225
0.58982,3.8221
0.59042,3.8217
0.59102,3.8214
0.59162,3.821
0.59222,3.8206
0.59281,3.8202
0.59341,3.8199
0.59401,3.8195
0.59461,3.8191
0.59521,3.8188
0.59581,3.8184
0.59641,3.818
0.59701,3.8176
0.59761,3.8173
0.59821,3.8169
0.59881,3.8165
0.59941,3.8161
0.60001,3.8158
0.60061,3.8154
0.60121,3.815
0.60181,3.8146
0.60241,3.8142
0.60301,3.8139
0.60361,3.8135
0.60421,3.8131
0.60481,3.8127
0.60541,3.8123
0.60601,3.812
0.60661,3.8116
0.60722,3.8112
0.60782,3.8108
0.60842,3.8104
0.60902,3.81
0.60962,3.8096
0.61023,3.8093
0.61083,3.8089
0.61143,3.8085
0.61203,3.8081
0.61264,3.8077
0.61324,3.8073
0.61384,3.8069
0.61445,3.8065
0.61505,3.8062
0.61565,3.8058
0.61626,3.8054
0.61686,3.805
0.61747,3.8046
0.61807,3.8042
0.61867,3.8038
0.61928,3.8034
0.61988,3.803
0.62049,3.8026
0.62109,3.8022
0.6217,3.8018
0.6223,3.8014
0.62291,3.801
0.62351,3.8006
0.62412,3.8003
0.62472,3.7999
0.62533,3.7995
0.62593,3.7991
0.62654,3.7987
0.62715,3.7983
0.62775,3.7979
0.62836,3.7975
0.62897,3.7971
0.62957,3.7967
0.63018,3.7962
0.63079,3.7958
0.63139,3.7954
0.632,3.795
0.63261,3.7946
0.63321,3.7942
0.63382,3.7938
0.63443,3.7934
0.63504,3.793
0.63565,3.7926
0.63625,3.7922
0.63686,3.7918
0.63747,3.7914
0.63808,3.791
0.63869,3.7906
0.6393,3.7901
0.6399,3.7897
0.64051,3.7893
0.64112,3.7889
0.64173,3.7885
0.64234,3.7881
0.64295,3.7877
0.64356,3.7873
0.64417,3.7868
0.64478,3.7864
0.64539,3.786
0.646,3.7856
0.64661,3.7852
0.64722,3.7848
0.64783,3.7843
0.64844,3.7839
0.64905,3.7835
0.64966,3.7831
0.65027,3.7827
0.65088,3.7822
0.6515,3.7818
0.65211,3.7814
0.65272,3.781
0.65333,3.7806
0.65394,3.7801
0.65455,3.7797
0.65517,3.7793
0.65578,3.7789
0.65639,3.7784
0.657,3.778
0.65761,3.7776
0.65823,3.7772
0.65884,3.7767
0.65945,3.7763
0.66007,3.7759
0.66068,3.7754
0.66129,3.775
0.6619,3.7746
0.66252,3.7742
0.66313,3.7737
0.66375,3.7733
0.66436,3.7729
0.66497,3.7724
0.66559,3.772
0.6662,3.7716
0.66682,3.7711
0.66743,3.7707
0.66804,3.7703
0.66866,3.7698
0.66927,3.7694
0.66989,3.769
0.6705,3.7685
0.67112,3.7681
0.67173,3.7676
0.67235,3.7672
0.67296,3.7668
0.67358,3.7663
0.6742,3.7659
0.67481,3.7654
0.67543,3.765
0.67604,3.7646
0.67666,3.7641
0.67728,3.7637
0.67789,3.7632
0.67851,3.7628
0.67913,3.7623
0.67974,3.7619
0.68036,3.7614
0.68098,3.761
0.68159,3.7605
0.68221,3.7601
0.68283,3.7597
0.68344,3.7592
0.68406,3.7588
0.68468,3.7583
0.6853,3.7579
0.68592,3.7574
0.68653,3.757
0.68715,3.7565
0.68777,3.756
0.68839,3.7556
0.68901,3.7551
0.68963,3.7547
0.69024,3.7542
0.69086,3.7538
0.69148,3.7533
0.6921,3.7529
0.69272,3.7524
0.69334,3.7519
0.69396,3.7515
0.69458,3.751
0.6952,3.7506
0.69582,3.7501
0.69644,3.7497
0.69706,3.7492
0.69768,3.7487
0.6983,3.7483
0.69892,3.7478
0.69954,3.7473
0.70016,3.7469
0.70078,3.7464
0.7014,3.746
0.70202,3.7455
0.70264,3.745
0.70326,3.7446
0.70388,3.7441
0.70451,3.7436
0.70513,3.7432
0.70575,3.7427
0.70637,3.7422
0.70699,3.7417
0.70761,3.7413
0.70824,3.7408
0.70886,3.7403
0.70948,3.7399
0.7101,3.7394
0.71072,3.7389
0.71135,3.7384
0.71197,3.738
0.71259,3.7375
0.71321,3.737
0.71384,3.7365
0.71446,3.7361
0.71508,3.7356
0.71571,3.7351
0.71633,3.7346
0.71695,3.7342
0.71758,3.7337
0.7182,3.7332
0.71882,3.7327
0.71945,3.7322
0.72007,3.7318
0.7207,3.7313
0.72132,3.7308
0.72194,3.7303
0.72257,3.7298
0.72319,3.7293
0.72382,3.7289
0.72444,3.7284
0.72507,3.7279
0.72569,3.7274
0.72632,3.7269
0.72694,3.7264
0.72757,3.7259
0.72819,3.7254
0.72882,3.725
0.72944,3.7245
0.73007,3.724
0.7307,3.7235
0.73132,3.723
0.73195,3.7225
0.73257,3.722
0.7332,3.7215
0.73382,3.721
0.73445,3.7205
0.73508,3.72
0.7357,3.7195
0.73633,3.719
0.73696,3.7185
0.73758,3.718
0.73821,3.7175
0.73884,3.7171
0.73947,3.7166
0.74009,3.7161
0.74072,3.7156
0.74135,3.7151
0.74197,3.7146
0.7426,3.7141
0.74323,3.7135
0.74386,3.713
0.74449,3.7125
0.74511,3.712
0.74574,3.7115
0.74637,3.711
0.747,3.7105
0.74763,3.71
0.74825,3.7095
0.74888,3.709
0.74951,3.7085
0.75014,3.708
0.75077,3.7075
0.7514,3.707
0.75203,3.7065
0.75266,3.7059
0.75329,3.7054
0.75391,3.7049
0.75454,3.7044
0.75517,3.7039
0.7558,3.7034
0.75643,3.7029
0.75706,3.7024
0.75769,3.7018
0.75832,3.7013
0.75895,3.7008
0.75958,3.7003
0.76021,3.6998
0.76084,3.6993
0.76147,3.6987
0.7621,3.6982
0.76273,3.6977
0.76337,3.6972
0.764,3.6967
0.76463,3.6961
0.76526,3.6956
0.76589,3.6951
0.76652,3.6946
0.76715,3.694
0.76778,3.6935
0.76841,3.693
0.76905,3.6925
0.76968,3.6919
0.77031,3.6914
0.77094,3.6909
0.77157,3.6904
0.7722,3.6898
0.77284,3.6893
0.77347,3.6888
0.7741,3.6882
0.77473,3.6877
0.77536,3.6872
0.776,3.6866
0.77663,3.6861
0.77726,3.6856
0.77789,3.685
0.77853,3.6845
0.77916,3.684
0.77979,3.6834
0.78043,3.6829
0.78106,3.6824
0.78169,3.6818
0.78233,3.6813
0.78296,3.6807
0.78359,3.6802
0.78423,3.6797
0.78486,3.6791
0.78549,3.6786
0.78613,3.678
0.78676,3.6775
0.78739,3.677
0.78803,3.6764
0.78866,3.6759
0.7893,3.6753
0.78993,3.6748
0.79057,3.6742
0.7912,3.6737
0.79183,3.6731
0.79247,3.6726
0.7931,3.672
0.79374,3.6715
0.79437,3.671
0.79501,3.6704
0.79564,3.6699
0.79628,3.6693
0.79691,3.6687
0.79755,3.6682
0.79818,3.6676
0.79882,3.6671
0.79945,3.6665
0.80009,3.666
0.80073,3.6654
0.80136,3.6649
0.802,3.6643
0.80263,3.6638
0.80327,3.6632
0.8039,3.6626
0.80454,3.6621
0.80518,3.6615
0.80581,3.661
0.80645,3.6604
0.80709,3.6598
0.80772,3.6593
0.80836,3.6587
0.809,3.6582
0.80963,3.6576
0.81027,3.657
0.81091,3.6565
0.81154,3.6559
0.81218,3.6553
0.81282,3.6548
0.81345,3.6542
0.81409,3.6536
0.81473,3.6531
0.81536,3.6525
0.816,3.6519
0.81664,3.6514
0.81728,3.6508
0.81791,3.6502
0.81855,3.6496
0.81919,3.6491
0.81983,3.6485
0.82047,3.6479
0.8211,3.6473
0.82174,3.6468
0.82238,3.6462
0.82302,3.6456
0.82366,3.645
0.82429,3.6445
0.82493,3.6439
0.82557,3.6433
0.82621,3.6427
0.82685,3.6422
0.82749,3.6416
0.82812,3.641
0.82876,3.6404
0.8294,3.6398
0.83004,3.6392
0.83068,3.6387
0.83132,3.6381
0.83196,3.6375
0.8326,3.6369
0.83324,3.6363
0.83388,3.6357
0.83451,3.6352
0.83515,3.6346
0.83579,3.634
0.83643,3.6334
0.83707,3.6328
0.83771,3.6322
0.83835,3.6316
0.83899,3.631
0.83963,3.6304
0.84027,3.6298
0.84091,3.6293
0.84155,3.6287
0.84219,3.6281
0.84283,3.6275
0.84347,3.6269
0.84411,3.6263
0.84475,3.6257
0.84539,3.6251
0.84603,3.6245
0.84667,3.6239
0.84731,3.6233
0.84795,3.6227
0.8486,3.6221
0.84924,3.6215
0.84988,3.6209
0.85052,3.6203
0.85116,3.6197
0.8518,3.6191
0.85244,3.6185
0.85308,3.6179
0.85372,3.6173
0.85436,3.6167
0.855,3.6161
0.85565,3.6155
0.85629,3.6148
0.85693,3.6142
0.85757,3.6136
0.85821,3.613
0.85885,3.6124
0.85949,3.6118
0.86014,3.6112
0.86078,3.6106
0.86142,3.61
0.86206,3.6093
0.8627,3.6087
0.86335,3.6081
0.86399,3.6075
0.86463,3.6069
0.86527,3.6063
0.86591,3.6057
0.86656,3.605
0.8672,3.6044
0.86784,3.6038
0.86848,3.6032
0.86912,3.6026
0.86977,3.6019
0.87041,3.6013
0.87105,3.6007
0.87169,3.6001
0.87234,3.5995
0.87298,3.5988
0.87362,3.5982
0.87427,3.5976
0.87491,3.597
0.87555,3.5963
0.87619,3.5957
0.87684,3.5951
0.87748,3.5945
0.87812,3.5938
0.87877,3.5932
0.87941,3.5926
0.88005,3.5919
0.8807,3.5913
0.88134,3.5907
0.88198,3.59
0.88263,3.5894
0.88327,3.5888
0.88391,3.5881
0.88456,3.5875
0.8852,3.5869
0.88584,3.5862
0.88649,3.5856
0.88713,3.585
0.88777,3.5843
0.88842,3.5837
0.88906,3.5831
0.8897,3.5824
0.89035,3.5818
0.89099,3.5811
0.89164,3.5805
0.89228,3.5799
0.89292,3.5792
0.89357,3.5786
0.89421,3.5779
0.89486,3.5773
0.8955,3.5766
0.89614,3.576
0.89679,3.5753
0.89743,3.5747
0.89808,3.574
0.89872,3.5734
0.89937,3.5728
0.90001,3.5721
0.90066,3.5715
0.9013,3.5708
0.90194,3.5702
0.90259,3.5695
0.90323,3.5688
0.90388,3.5682
0.90452,3.5675
0.90517,3.5669
0.90581,3.5662
0.90646,3.5656
0.9071,3.5649
0.90775,3.5643
0.90839,3.5636
0.90904,3.5629
0.90968,3.5623
0.91033,3.5616
0.91097,3.561
0.91162,3.5603
0.91226,3.5597
0.91291,3.559
0.91355,3.5583
0.9142,3.5577
0.91484,3.557
0.91549,3.5563
0.91613,3.5557
0.91678,3.555
0.91742,3.5543
0.91807,3.5537
0.91871,3.553
0.91936,3.5523
0.92,3.5517
0.92065,3.551
0.9213,3.5503
0.92194,3.5497
0.92259,3.549
0.92323,3.5483
0.92388,3.5476
0.92452,3.547
0.92517,3.5463
0.92581,3.5456
0.92646,3.545
0.92711,3.5443
0.92775,3.5436
0.9284,3.5429
0.92904,3.5422
0.92969,3.5416
0.93033,3.5409
0.93098,3.5402
0.93163,3.5395
0.93227,3.5389
0.93292,3.5382
0.93356,3.5375
0.93421,3.5368
0.93486,3.5361
0.9355,3.5354
0.93615,3.5348
0.93679,3.5341
0.93744,3.5334
0.93809,3.5327
0.93873,3.532
0.93938,3.5313
0.94002,3.5306
0.94067,3.53
0.94132,3.5293
0.94196,3.5286
0.94261,3.5279
0.94326,3.5272
0.9439,3.5265
0.94455,3.5258
0.94519,3.5251
0.94584,3.5244
0.94649,3.5237
0.94713,3.523
0.94778,3.5223
0.94843,3.5216
0.94907,3.5209
0.94972,3.5202
0.95036,3.5195
0.95101,3.5189
0.95166,3.5182
0.9523,3.5175
0.95295,3.5168
0.9536,3.5161
0.95424,3.5153
0.95489,3.5146
0.95554,3.5139
0.95618,3.5132
0.95683,3.5125
0.95748,3.5118
0.95812,3.5111
0.95877,3.5104
0.95942,3.5097
0.96006,3.509
0.96071,3.5083
0.96136,3.5076
0.962,3.5069
0.96265,3.5062
0.9633,3.5055
0.96394,3.5047
0.96459,3.504
0.96524,3.5033
0.96588,3.5026
0.96653,3.5019
0.96717,3.5012
0.96782,3.5005
0.96847,3.4998
0.96911,3.499
0.96976,3.4983
0.97041,3.4976
0.97105,3.4969
0.9717,3.4962
0.97235,3.4954
0.97299,3.4947
0.97364,3.494
0.97429,3.4933
0.97494,3.4926
0.97558,3.4918
0.97623,3.4911
0.97688,3.4904
0.97752,3.4897
0.97817,3.4889
0.97882,3.4882
0.97946,3.4875
0.98011,3.4868
0.98076,3.486
0.9814,3.4853
0.98205,3.4846
0.9827,3.4839
0.98334,3.4831
0.98399,3.4824
0.98464,3.4817
0.98528,3.4809
0.98593,3.4802
0.98658,3.4795
0.98722,3.4787
0.98787,3.478
0.98852,3.4773
0.98916,3.4765
0.98981,3.4758
0.99046,3.4751
0.9911,3.4743
0.99175,3.4736
0.9924,3.4728
0.99304,3.4721
0.99369,3.4714
0.99434,3.4706
0.99498,3.4699
0.99563,3.4691
0.99628,3.4684
0.99692,3.4676
0.99757,3.4669
0.99821,3.4662
0.99886,3.4654
0.99951,3.4647
1.0002,3.4639
1.0008,3.4632
1.0014,3.4624
1.0021,3.4617
1.0027,3.4609
1.0034,3.4602
1.004,3.4594
1.0047,3.4587
1.0053,3.4579
1.006,3.4572
1.0066,3.4564
1.0073,3.4557
1.0079,3.4549
1.0086,3.4542
1.0092,3.4534
1.0099,3.4527
1.0105,3.4519
1.0111,3.4511
1.0118,3.4504
1.0124,3.4496
1.0131,3.4489
1.0137,3.4481
1.0144,3.4473
1.015,3.4466
1.0157,3.4458
1.0163,3.4451
1.017,3.4443
1.0176,3.4435
1.0183,3.4428
1.0189,3.442
1.0195,3.4412
1.0202,3.4405
1.0208,3.4397
1.0215,3.4389
1.0221,3.4382
1.0228,3.4374
1.0234,3.4366
1.0241,3.4359
1.0247,3.4351
1.0254,3.4343
1.026,3.4335
1.0267,3.4328
1.0273,3.432
1.0279,3.4312
1.0286,3.4305
1.0292,3.4297
1.0299,3.4289
1.0305,3.4281
1.0312,3.4274
1.0318,3.4266
1.0325,3.4258
1.0331,3.425
1.0338,3.4242
1.0344,3.4235
1.035,3.4227
1.0357,3.4219
1.0363,3.4211
1.037,3.4203
1.0376,3.4196
1.0383,3.4188
1.0389,3.418
1.0396,3.4172
1.0402,3.4164
1.0409,3.4156
1.0415,3.4148
1.0421,3.4141
1.0428,3.4133
1.0434,3.4125
1.0441,3.4117
1.0447,3.4109
1.0454,3.4101
1.046,3.4093
1.0467,3.4085
1.0473,3.4077
1.0479,3.4069
1.0486,3.4061
1.0492,3.4053
1.0499,3.4046
1.0505,3.4038
1.0512,3.403
1.0518,3.4022
1.0525,3.4014
1.0531,3.4006
1.0538,3.3998
1.0544,3.399
1.055,3.3982
1.0557,3.3974
1.0563,3.3966
1.057,3.3958
1.0576,3.395
1.0583,3.3942
1.0589,3.3934
1.0596,3.3926
1.0602,3.3917
1.0608,3.3909
1.0615,3.3901
1.0621,3.3893
1.0628,3.3885
1.0634,3.3877
1.0641,3.3869
1.0647,3.3861
1.0653,3.3853
1.066,3.3845
1.0666,3.3837
1.0673,3.3828
1.0679,3.382
1.0686,3.3812
1.0692,3.3804
1.0699,3.3796
1.0705,3.3788
1.0711,3.378
1.0718,3.3771
1.0724,3.3763
1.0731,3.3755
1.0737,3.3747
1.0744,3.3739
1.075,3.3731
1.0756,3.3722
1.0763,3.3714
1.0769,3.3706
1.0776,3.3698
1.0782,3.3689
1.0789,3.3681
1.0795,3.3673
1.0801,3.3665
1.0808,3.3656
1.0814,3.3648
1.0821,3.364
1.0827,3.3632
1.0834,3.3623
1.084,3.3615
1.0846,3.3607
1.0853,3.3599
1.0859,3.359
1.0866,3.3582
1.0872,3.3574
1.0879,3.3565
1.0885,3.3557
1.0891,3.3549
1.0898,3.354
1.0904,3.3532
1.0911,3.3524
1.0917,3.3515
1.0923,3.3507
1.093,3.3498
1.0936,3.349
1.0943,3.3482
1.0949,3.3473
1.0956,3.3465
1.0962,3.3457
1.0968,3.3448
1.0975,3.344
1.0981,3.3431
1.0988,3.3423
1.0994,3.3414
1.1,3.3406
1.1007,3.3398
1.1013,3.3389
1.102,3.3381
1.1026,3.3372
1.1033,3.3364
1.1039,3.3355
1.1045,3.3347
1.1052,3.3338
1.1058,3.333
1.1065,3.3321
1.1071,3.3313
1.1077,3.3304
1.1084,3.3296
1.109,3.3287
1.1097,3.3279
1.1103,3.327
1.1109,3.3262
1.1116,3.3253
1.1122,3.3244
1.1129,3.3236
1.1135,3.3227
1.1141,3.3219
1.1148,3.321
1.1154,3.3202
1.1161,3.3193
1.1167,3.3184
1.1173,3.3176
1.118,3.3167
1.1186,3.3158
1.1193,3.315
1.1199,3.3141
1.1205,3.3133
1.1212,3.3124
1.1218,3.3115
1.1224,3.3107
1.1231,3.3098
1.1237,3.3089
1.1244,3.3081
1.125,3.3072
1.1256,3.3063
1.1263,3.3055
1.1269,3.3046
1.1276,3.3037
1.1282,3.3028
1.1288,3.302
1.1295,3.3011
1.1301,3.3002
1.1307,3.2993
1.1314,3.2985
1.132,3.2976
1.1327,3.2967
1.1333,3.2958
1.1339,3.295
1.1346,3.2941
1.1352,3.2932
1.1358,3.2923
1.1365,3.2915
1.1371,3.2906
1.1378,3.2897
1.1384,3.2888
1.139,3.2879
1.1397,3.287
1.1403,3.2862
1.1409,3.2853
1.1416,3.2844
1.1422,3.2835
1.1428,3.2826
1.1435,3.2817
1.1441,3.2808
1.1448,3.28
1.1454,3.2791
1.146,3.2782
1.1467,3.2773
1.1473,3.2764
1.1479,3.2755
1.1486,3.2746
1.1492,3.2737
1.1498,3.2728
1.1505,3.2719
1.1511,3.2711
1.1517,3.2702
1.1524,3.2693
1.153,3.2684
1.1537,3.2675
1.1543,3.2666
1.1549,3.2657
1.1556,3.2648
1.1562,3.2639
1.1568,3.263
1.1575,3.2621
1.1581,3.2612
1.1587,3.2603
1.1594,3.2594
1.16,3.2585
1.1606,3.2576
1.1613,3.2567
1.1619,3.2558
1.1625,3.2549
1.1632,3.254
1.1638,3.253
1.1644,3.2521
1.1651,3.2512
1.1657,3.2503
1.1663,3.2494
1.167,3.2485
1.1676,3.2476
1.1682,3.2467
1.1689,3.2458
1.1695,3.2449
1.1701,3.244
1.1708,3.243
1.1714,3.2421
1.172,3.2412
1.1727,3.2403
1.1733,3.2394
1.1739,3.2385
1.1745,3.2376
1.1752,3.2366
1.1758,3.2357
1.1764,3.2348
1.1771,3.2339
1.1777,3.233
1.1783,3.232
1.179,3.2311
1.1796,3.2302
1.1802,3.2293
1.1809,3.2284
1.1815,3.2274
1.1821,3.2265
1.1828,3.2256
1.1834,3.2247
1.184,3.2237
1.1846,3.2228
1.1853,3.2219
1.1859,3.221
1.1865,3.22
1.1872,3.2191
1.1878,3.2182
1.1884,3.2172
1.189,3.2163
1.1897,3.2154
1.1903,3.2144
1.1909,3.2135
1.1916,3.2126
1.1922,3.2116
1.1928,3.2107
1.1935,3.2098
1.1941,3.2088
1.1947,3.2079
1.1953,3.207
1.196,3.206
1.1966,3.2051
1.1972,3.2042
1.1978,3.2032
1.1985,3.2023
1.1991,3.2013
1.1997,3.2004
1.2004,3.1995
1.201,3.1985
1.2016,3.1976
1.2022,3.1966
1.2029,3.1957
1.2035,3.1947
1.2041,3.1938
1.2047,3.1929
1.2054,3.1919
1.206,3.191
1.2066,3.19
1.2073,3.1891
1.2079,3.1881
1.2085,3.1872
1.2091,3.1862
1.2098,3.1853
1.2104,3.1843
1.211,3.1834
1.2116,3.1824
1.2123,3.1815
1.2129,3.1805
1.2135,3.1796
1.2141,3.1786
1.2148,3.1777
1.2154,3.1767
1.216,3.1757
1.2166,3.1748
1.2173,3.1738
1.2179,3.1729
1.2185,3.1719
1.2191,3.171
1.2197,3.17
1.2204,3.169
1.221,3.1681
1.2216,3.1671
1.2222,3.1662
1.2229,3.1652
1.2235,3.1642
1.2241,3.1633
1.2247,3.1623
1.2254,3.1613
1.226,3.1604
1.2266,3.1594
1.2272,3.1584
1.2278,3.1575
1.2285,3.1565
1.2291,3.1555
1.2297,3.1546
1.2303,3.1536
1.231,3.1526
1.2316,3.1517
1.2322,3.1507
1.2328,3.1497
1.2334,3.1487
1.2341,3.1478
1.2347,3.1468
1.2353,3.1458
1.2359,3.1448
1.2365,3.1439
1.2372,3.1429
1.2378,3.1419
1.2384,3.1409
1.239,3.14
1.2396,3.139
1.2403,3.138
1.2409,3.137
1.2415,3.136
1.2421,3.1351
1.2427,3.1341
1.2433,3.1331
1.244,3.1321
1.2446,3.1311
1.2452,3.1302
1.2458,3.1292
1.2464,3.1282
1.2471,3.1272
1.2477,3.1262
1.2483,3.1252
1.2489,3.1242
1.2495,3.1233
1.2501,3.1223
1.2508,3.1213
1.2514,3.1203
1.252,3.1193
1.2526,3.1183
1.2532,3.1173
1.2538,3.1163
1.2545,3.1153
1.2551,3.1143
1.2557,3.1134
1.2563,3.1124
1.2569,3.1114
1.2575,3.1104
1.2582,3.1094
1.2588,3.1084
1.2594,3.1074
1.26,3.1064
1.2606,3.1054
1.2612,3.1044
1.2618,3.1034
1.2625,3.1024
1.2631,3.1014
1.2637,3.1004
1.2643,3.0994
1.2649,3.0984
1.2655,3.0974
1.2661,3.0964
1.2668,3.0954
1.2674,3.0944
1.268,3.0934
1.2686,3.0924
1.2692,3.0914
1.2698,3.0904
1.2704,3.0893
1.271,3.0883
1.2717,3.0873
1.2723,3.0863
1.2729,3.0853
1.2735,3.0843
1.2741,3.0833
1.2747,3.0823
1.2753,3.0813
1.2759,3.0803
1.2765,3.0792
1.2772,3.0782
1.2778,3.0772
1.2784,3.0762
1.279,3.0752
1.2796,3.0742
1.2802,3.0732
1.2808,3.0721
1.2814,3.0711
1.282,3.0701
1.2826,3.0691
1.2832,3.0681
1.2839,3.0671
1.2845,3.066
1.2851,3.065
1.2857,3.064
1.2863,3.063
1.2869,3.062
1.2875,3.0609
1.2881,3.0599
1.2887,3.0589
1.2893,3.0579
1.2899,3.0568
1.2905,3.0558
1.2912,3.0548
1.2918,3.0538
1.2924,3.0527
1.293,3.0517
1.2936,3.0507
1.2942,3.0496
1.2948,3.0486
1.2954,3.0476
1.296,3.0466
1.2966,3.0455
1.2972,3.0445
1.2978,3.0435
1.2984,3.0424
1.299,3.0414
1.2996,3.0404
1.3002,3.0393
1.3008,3.0383
1.3014,3.0373
1.302,3.0362
1.3027,3.0352
1.3033,3.0342
1.3039,3.0331
1.3045,3.0321
1.3051,3.031
1.3057,3.03
1.3063,3.029
1.3069,3.0279
1.3075,3.0269
1.3081,3.0258
1.3087,3.0248
1.3093,3.0238
1.3099,3.0227
1.3105,3.0217
1.3111,3.0206
1.3117,3.0196
1.3123,3.0185
1.3129,3.0175
1.3135,3.0165
1.3141,3.0154
1.3147,3.0144
1.3153,3.0133
1.3159,3.0123
1.3165,3.0112
1.3171,3.0102
1.3177,3.0091
1.3183,3.0081
1.3189,3.007
1.3195,3.006
1.3201,3.0049
1.3207,3.0039
1.3213,3.0028
1.3219,3.0018
1.3225,3.0007
1.3231,2.9996
1.3237,2.9986
1.3243,2.9975
1.3249,2.9965
1.3255,2.9954
1.3261,2.9944
1.3267,2.9933
1.3273,2.9923
1.3279,2.9912
1.3284,2.9901
1.329,2.9891
1.3296,2.988
1.3302,2.987
1.3308,2.9859
1.3314,2.9848
1.332,2.9838
1.3326,2.9827
1.3332,2.9816
1.3338,2.9806
1.3344,2.9795
1.335,2.9785
1.3356,2.9774
1.3362,2.9763
1.3368,2.9753
1.3374,2.9742
1.338,2.9731
1.3386,2.9721
1.3391,2.971
1.3397,2.9699
1.3403,2.9688
1.3409,2.9678
1.3415,2.9667
1.3421,2.9656
1.3427,2.9646
1.3433,2.9635
1.3439,2.9624
1.3445,2.9613
1.3451,2.9603
1.3457,2.9592
1.3462,2.9581
1.3468,2.957
1.3474,2.956
1.348,2.9549
1.3486,2.9538
1.3492,2.9527
1.3498,2.9517
1.3504,2.9506
1.351,2.9495
1.3516,2.9484
1.3521,2.9473
1.3527,2.9463
1.3533,2.9452
1.3539,2.9441
1.3545,2.943
1.3551,2.9419
1.3557,2.9409
1.3563,2.9398
1.3568,2.9387
1.3574,2.9376
1.358,2.9365
1.3586,2.9354
1.3592,2.9344
1.3598,2.9333
1.3604,2.9322
1.3609,2.9311
1.3615,2.93
1.3621,2.9289
1.3627,2.9278
1.3633,2.9267
1.3639,2.9256
1.3645,2.9246
1.365,2.9235
1.3656,2.9224
1.3662,2.9213
1.3668,2.9202
1.3674,2.9191
1.368,2.918
1.3685,2.9169
1.3691,2.9158
1.3697,2.9147
1.3703,2.9136
1.3709,2.9125
1.3715,2.9114
1.372,2.9103
1.3726,2.9092
1.3732,2.9081
1.3738,2.907
1.3744,2.9059
1.3749,2.9049
1.3755,2.9038
1.3761,2.9027
1.3767,2.9016
1.3773,2.9004
1.3778,2.8993
1.3784,2.8982
1.379,2.8971
1.3796,2.896
1.3802,2.8949
1.3807,2.8938
1.3813,2.8927
1.3819,2.8916
1.3825,2.8905
1.383,2.8894
1.3836,2.8883
1.3842,2.8872
1.3848,2.8861
1.3854,2.885
1.3859,2.8839
1.3865,2.8828
1.3871,2.8817
1.3877,2.8805
1.3882,2.8794
1.3888,2.8783
1.3894,2.8772
1.39,2.8761
1.3905,2.875
1.3911,2.8739
1.3917,2.8728
1.3923,2.8717
1.3928,2.8705
1.3934,2.8694
1.394,2.8683
1.3946,2.8672
1.3951,2.8661
1.3957,2.865
1.3963,2.8638
1.3969,2.8627
1.3974,2.8616
1.398,2.8605
1.3986,2.8594
1.3991,2.8583
1.3997,2.8571
1.4003,2.856
1.4009,2.8549
1.4014,2.8538
1.402,2.8527
1.4026,2.8515
1.4031,2.8504
1.4037,2.8493
1.4043,2.8482
1.4048,2.847
1.4054,2.8459
1.406,2.8448
1.4066,2.8437
1.4071,2.8425
1.4077,2.8414
1.4083,2.8403
1.4088,2.8392
1.4094,2.838
1.41,2.8369
1.4105,2.8358
1.4111,2.8346
1.4117,2.8335
1.4122,2.8324
1.4128,2.8313
1.4134,2.8301
1.4139,2.829
1.4145,2.8279
1.4151,2.8267
1.4156,2.8256
1.4162,2.8245
1.4168,2.8233
1.4173,2.8222
1.4179,2.8211
1.4185,2.8199
1.419,2.8188
1.4196,2.8177
1.4201,2.8165
1.4207,2.8154
1.4213,2.8142
1.4218,2.8131
1.4224,2.812
1.423,2.8108
1.4235,2.8097
1.4241,2.8086
1.4246,2.8074
1.4252,2.8063
1.4258,2.8051
1.4263,2.804
1.4269,2.8029
1.4274,2.8017
1.428,2.8006
1.4286,2.7994
1.4291,2.7983
1.4297,2.7971
1.4302,2.796
1.4308,2.7949
1.4314,2.7937
1.4319,2.7926
1.4325,2.7914
1.433,2.7903
1.4336,2.7891
1.4342,2.788
1.4347,2.7868
1.4353,2.7857
1.4358,2.7845
1.4364,2.7834
1.4369,2.7822
1.4375,2.7811
1.4381,2.7799
1.4386,2.7788
1.4392,2.7776
1.4397,2.7765
1.4403,2.7753
1.4408,2.7742
1.4414,2.773
1.4419,2.7719
1.4425,2.7707
1.443,2.7696
1.4436,2.7684
1.4442,2.7673
1.4447,2.7661
1.4453,2.7649
1.4458,2.7638
1.4464,2.7626
1.4469,2.7615
1.4475,2.7603
1.448,2.7592
1.4486,2.758
1.4491,2.7568
1.4497,2.7557
1.4502,2.7545
1.4508,2.7534
1.4513,2.7522
1.4519,2.751
1.4524,2.7499
1.453,2.7487
1.4535,2.7476
1.4541,2.7464
1.4546,2.7452
1.4552,2.7441
1.4557,2.7429
1.4563,2.7417
1.4568,2.7406
1.4574,2.7394
1.4579,2.7382
1.4585,2.7371
1.459,2.7359
1.4596,2.7347
1.4601,2.7336
1.4606,2.7324
1.4612,2.7312
1.4617,2.7301
1.4623,2.7289
1.4628,2.7277
1.4634,2.7266
1.4639,2.7254
1.4645,2.7242
1.465,2.7231
1.4655,2.7219
1.4661,2.7207
1.4666,2.7195
1.4672,2.7184
1.4677,2.7172
1.4683,2.716
1.4688,2.7149
1.4693,2.7137
1.4699,2.7125
1.4704,2.7113
1.471,2.7102
1.4715,2.709
1.4721,2.7078
1.4726,2.7066
1.4731,2.7055
1.4737,2.7043
1.4742,2.7031
1.4748,2.7019
1.4753,2.7007
1.4758,2.6996
1.4764,2.6984
1.4769,2.6972
1.4774,2.696
1.478,2.6949
1.4785,2.6937
1.4791,2.6925
1.4796,2.6913
1.4801,2.6901
1.4807,2.6889
1.4812,2.6878
1.4817,2.6866
1.4823,2.6854
1.4828,2.6842
1.4834,2.683
1.4839,2.6818
1.4844,2.6807
1.485,2.6795
1.4855,2.6783
1.486,2.6771
1.4866,2.6759
1.4871,2.6747
1.4876,2.6735
1.4882,2.6724
1.4887,2.6712
1.4892,2.67
1.4898,2.6688
1.4903,2.6676
1.4908,2.6664
1.4914,2.6652
1.4919,2.664
1.4924,2.6629
1.4929,2.6617
1.4935,2.6605
1.494,2.6593
1.4945,2.6581
1.4951,2.6569
1.4956,2.6557
1.4961,2.6545
1.4967,2.6533
1.4972,2.6521
1.4977,2.6509
1.4982,2.6497
1.4988,2.6485
1.4993,2.6473
1.4998,2.6462
1.5004,2.645
1.5009,2.6438
1.5014,2.6426
1.5019,2.6414
1.5025,2.6402
1.503,2.639
1.5035,2.6378
1.504,2.6366
1.5046,2.6354
1.5051,2.6342
1.5056,2.633
1.5061,2.6318
1.5067,2.6306
1.5072,2.6294
1.5077,2.6282
1.5082,2.627
1.5087,2.6258
1.5093,2.6246
1.5098,2.6234
1.5103,2.6222
1.5108,2.621
1.5114,2.6198
1.5119,2.6186
1.5124,2.6174
1.5129,2.6162
1.5134,2.6149
1.514,2.6137
1.5145,2.6125
1.515,2.6113
1.5155,2.6101
1.516,2.6089
1.5166,2.6077
1.5171,2.6065
1.5176,2.6053
1.5181,2.6041
1.5186,2.6029
1.5192,2.6017
1.5197,2.6005
1.5202,2.5993
1.5207,2.5981
1.5212,2.5968
1.5217,2.5956
1.5222,2.5944
1.5228,2.5932
1.5233,2.592
1.5238,2.5908
1.5243,2.5896
1.5248,2.5884
1.5253,2.5872
1.5259,2.5859
1.5264,2.5847
1.5269,2.5835
1.5274,2.5823
1.5279,2.5811
1.5284,2.5799
1.5289,2.5787
1.5294,2.5774
1.53,2.5762
1.5305,2.575
1.531,2.5738
1.5315,2.5726
1.532,2.5714
1.5325,2.5702
1.533,2.5689
1.5335,2.5677
1.534,2.5665
1.5345,2.5653
1.5351,2.5641
1.5356,2.5628
1.5361,2.5616
1.5366,2.5604
1.5371,2.5592
1.5376,2.558
1.5381,2.5567
1.5386,2.5555
1.5391,2.5543
1.5396,2.5531
1.5401,2.5519
1.5406,2.5506
1.5411,2.5494
1.5416,2.5482
1.5422,2.547
1.5427,2.5457
1.5432,2.5445
1.5437,2.5433
1.5442,2.5421
1.5447,2.5409
1.5452,2.5396
1.5457,2.5384
1.5462,2.5372
1.5467,2.536
1.5472,2.5347
1.5477,2.5335
1.5482,2.5323
1.5487,2.5311
1.5492,2.5298
1.5497,2.5286
1.5502,2.5274
1.5507,2.5261
1.5512,2.5249
1.5517,2.5237
1.5522,2.5225
1.5527,2.5212
1.5532,2.52
1.5537,2.5188
1.5542,2.5175
1.5547,2.5163
1.5552,2.5151
1.5557,2.5138
1.5562,2.5126
1.5567,2.5114
1.5572,2.5102
1.5577,2.5089
1.5582,2.5077
1.5587,2.5065
1.5592,2.5052
1.5597,2.504
1.5601,2.5028
1.5606,2.5015
1.5611,2.5003
1.5616,2.4991
1.5621,2.4978
1.5626,2.4966
1.5631,2.4954
1.5636,2.4941
1.5641,2.4929
1.5646,2.4916
1.5651,2.4904
1.5656,2.4892
1.5661,2.4879
1.5666,2.4867
1.567,2.4855
1.5675,2.4842
1.568,2.483
1.5685,2.4817
1.569,2.4805
1.5695,2.4793
1.57,2.478
1.5705,2.4768
1.571,2.4756
1.5714,2.4743
1.5719,2.4731
1.5724,2.4718
1.5729,2.4706
1.5734,2.4694
1.5739,2.4681
1.5744,2.4669
1.5749,2.4656
1.5753,2.4644
1.5758,2.4631
1.5763,2.4619
1.5768,2.4607
1.5773,2.4594
1.5778,2.4582
1.5783,2.4569
1.5787,2.4557
1.5792,2.4544
1.5797,2.4532
1.5802,2.452
1.5807,2.4507
1.5811,2.4495
1.5816,2.4482
1.5821,2.447
1.5826,2.4457
1.5831,2.4445
1.5836,2.4432
1.584,2.442
1.5845,2.4407
1.585,2.4395
1.5855,2.4382
1.586,2.437
1.5864,2.4358
1.5869,2.4345
1.5874,2.4333
1.5879,2.432
1.5883,2.4308
1.5888,2.4295
1.5893,2.4283
1.5898,2.427
1.5903,2.4258
1.5907,2.4245
1.5912,2.4233
1.5917,2.422
1.5922,2.4208
1.5926,2.4195
1.5931,2.4183
1.5936,2.417
1.5941,2.4158
1.5945,2.4145
1.595,2.4133
1.5955,2.412
1.596,2.4107
1.5964,2.4095
1.5969,2.4082
1.5974,2.407
1.5978,2.4057
1.5983,2.4045
1.5988,2.4032
1.5993,2.402
1.5997,2.4007
1.6002,2.3995
1.6007,2.3982
1.6011,2.397
1.6016,2.3957
1.6021,2.3944
1.6025,2.3932
1.603,2.3919
1.6035,2.3907
1.604,2.3894
1.6044,2.3882
1.6049,2.3869
1.6054,2.3856
1.6058,2.3844
1.6063,2.3831
1.6068,2.3819
1.6072,2.3806
1.6077,2.3794
1.6082,2.3781
1.6086,2.3768
1.6091,2.3756
1.6095,2.3743
1.61,2.3731
1.6105,2.3718
1.6109,2.3705
1.6114,2.3693
1.6119,2.368
1.6123,2.3668
1.6128,2.3655
1.6133,2.3642
1.6137,2.363
1.6142,2.3617
1.6146,2.3605
1.6151,2.3592
1.6156,2.3579
1.616,2.3567
1.6165,2.3554
1.6169,2.3541
1.6174,2.3529
1.6179,2.3516
1.6183,2.3504
1.6188,2.3491
1.6192,2.3478
1.6197,2.3466
1.6201,2.3453
1.6206,2.344
1.6211,2.3428
1.6215,2.3415
1.622,2.3402
1.6224,2.339
1.6229,2.3377
1.6233,2.3365
1.6238,2.3352
1.6243,2.3339
1.6247,2.3327
1.6252,2.3314
1.6256,2.3301
1.6261,2.3289
1.6265,2.3276
1.627,2.3263
1.6274,2.3251
1.6279,2.3238
1.6283,2.3225
1.6288,2.3213
1.6292,2.32
1.6297,2.3187
1.6301,2.3175
1.6306,2.3162
1.631,2.3149
1.6315,2.3136
1.6319,2.3124
1.6324,2.3111
1.6328,2.3098
1.6333,2.3086
1.6337,2.3073
1.6342,2.306
1.6346,2.3048
1.6351,2.3035
1.6355,2.3022
1.636,2.301
1.6364,2.2997
1.6369,2.2984
1.6373,2.2971
1.6378,2.2959
1.6382,2.2946
1.6386,2.2933
1.6391,2.2921
1.6395,2.2908
1.64,2.2895
1.6404,2.2882
1.6409,2.287
1.6413,2.2857
1.6418,2.2844
1.6422,2.2831
1.6426,2.2819
1.6431,2.2806
1.6435,2.2793
1.644,2.2781
1.6444,2.2768
1.6448,2.2755
1.6453,2.2742
1.6457,2.273
1.6462,2.2717
1.6466,2.2704
1.647,2.2691
1.6475,2.2679
1.6479,2.2666
1.6484,2.2653
1.6488,2.264
1.6492,2.2628
1.6497,2.2615
1.6501,2.2602
1.6505,2.2589
1.651,2.2577
1.6514,2.2564
1.6519,2.2551
1.6523,2.2538
1.6527,2.2526
1.6532,2.2513
1.6536,2.25
1.654,2.2487
1.6545,2.2474
1.6549,2.2462
1.6553,2.2449
1.6558,2.2436
1.6562,2.2423
1.6566,2.2411
1.6571,2.2398
1.6575,2.2385
1.6579,2.2372
1.6584,2.2359
1.6588,2.2347
1.6592,2.2334
1.6596,2.2321
1.6601,2.2308
1.6605,2.2296
1.6609,2.2283
1.6614,2.227
1.6618,2.2257
1.6622,2.2244
1.6626,2.2232
1.6631,2.2219
1.6635,2.2206
1.6639,2.2193
1.6644,2.218
1.6648,2.2168
1.6652,2.2155
1.6656,2.2142
1.6661,2.2129
1.6665,2.2116
1.6669,2.2103
1.6673,2.2091
1.6678,2.2078
1.6682,2.2065
1.6686,2.2052
1.669,2.2039
1.6695,2.2027
1.6699,2.2014
1.6703,2.2001
1.6707,2.1988
1.6711,2.1975
1.6716,2.1962
1.672,2.195
1.6724,2.1937
1.6728,2.1924
1.6732,2.1911
1.6737,2.1898
1.6741,2.1885
1.6745,2.1873
1.6749,2.186
1.6753,2.1847
1.6758,2.1834
1.6762,2.1821
1.6766,2.1808
1.677,2.1796
1.6774,2.1783
1.6778,2.177
1.6783,2.1757
1.6787,2.1744
1.6791,2.1731
1.6795,2.1719
1.6799,2.1706
1.6803,2.1693
1.6808,2.168
1.6812,2.1667
1.6816,2.1654
1.682,2.1641
1.6824,2.1629
1.6828,2.1616
1.6832,2.1603
1.6836,2.159
1.6841,2.1577
1.6845,2.1564
1.6849,2.1551
1.6853,2.1539
1.6857,2.1526
1.6861,2.1513
1.6865,2.15
1.6869,2.1487
1.6873,2.1474
1.6878,2.1461
1.6882,2.1449
1.6886,2.1436
1.689,2.1423
1.6894,2.141
1.6898,2.1397
1.6902,2.1384
1.6906,2.1371
1.691,2.1358
1.6914,2.1346
1.6918,2.1333
1.6922,2.132
1.6926,2.1307
1.693,2.1294
1.6935,2.1281
1.6939,2.1268
1.6943,2.1255
1.6947,2.1243
1.6951,2.123
1.6955,2.1217
1.6959,2.1204
1.6963,2.1191
1.6967,2.1178
1.6971,2.1165
1.6975,2.1152
1.6979,2.1139
1.6983,2.1127
1.6987,2.1114
1.6991,2.1101
1.6995,2.1088
1.6999,2.1075
1.7003,2.1062
1.7007,2.1049
1.7011,2.1036
1.7015,2.1023
1.7019,2.1011
1.7023,2.0998
1.7027,2.0985
1.7031,2.0972
1.7035,2.0959
1.7039,2.0946
1.7043,2.0933
1.7047,2.092
1.7051,2.0907
1.7054,2.0894
1.7058,2.0882
1.7062,2.0869
1.7066,2.0856
1.707,2.0843
1.7074,2.083
1.7078,2.0817
1.7082,2.0804
1.7086,2.0791
1.709,2.0778
1.7094,2.0765
1.7098,2.0753
1.7102,2.074
1.7106,2.0727
1.7109,2.0714
1.7113,2.0701
1.7117,2.0688
1.7121,2.0675
1.7125,2.0662
1.7129,2.0649
1.7133,2.0636
1.7137,2.0623
1.7141,2.0611
1.7145,2.0598
1.7148,2.0585
1.7152,2.0572
1.7156,2.0559
1.716,2.0546
1.7164,2.0533
1.7168,2.052
1.7172,2.0507
1.7175,2.0494
1.7179,2.0481
1.7183,2.0468
1.7187,2.0455
1.7191,2.0443
1.7195,2.043
1.7199,2.0417
1.7202,2.0404
1.7206,2.0391
1.721,2.0378
1.7214,2.0365
1.7218,2.0352
1.7221,2.0339
1.7225,2.0326
1.7229,2.0313
1.7233,2.03
1.7237,2.0288
1.7241,2.0275
1.7244,2.0262
1.7248,2.0249
1.7252,2.0236
1.7256,2.0223
1.7259,2.021
1.7263,2.0197
1.7267,2.0184
1.7271,2.0171
1.7275,2.0158
1.7278,2.0145
1.7282,2.0132
1.7286,2.0119
1.729,2.0107
1.7293,2.0094
1.7297,2.0081
1.7301,2.0068
1.7305,2.0055
1.7308,2.0042
1.7312,2.0029
1.7316,2.0016
1.732,2.0003
1.7323,1.999
1.7327,1.9977
1.7331,1.9964
1.7335,1.9951
1.7338,1.9938
1.7342,1.9926
1.7346,1.9913
1.7349,1.99
1.7353,1.9887
1.7357,1.9874
1.736,1.9861
1.7364,1.9848
1.7368,1.9835
1.7372,1.9822
1.7375,1.9809
1.7379,1.9796
1.7383,1.9783
1.7386,1.977
1.739,1.9757
1.7394,1.9744
1.7397,1.9732
1.7401,1.9719
1.7405,1.9706
1.7408,1.9693
1.7412,1.968
1.7416,1.9667
1.7419,1.9654
1.7423,1.9641
1.7427,1.9628
1.743,1.9615
1.7434,1.9602
1.7437,1.9589
1.7441,1.9576
1.7445,1.9563
1.7448,1.955
1.7452,1.9538
1.7456,1.9525
1.7459,1.9512
1.7463,1.9499
1.7466,1.9486
1.747,1.9473
1.7474,1.946
1.7477,1.9447
1.7481,1.9434
1.7484,1.9421
1.7488,1.9408
1.7492,1.9395
1.7495,1.9382
1.7499,1.9369
1.7502,1.9356
1.7506,1.9343
1.7509,1.9331
1.7513,1.9318
1.7517,1.9305
1.752,1.9292
1.7524,1.9279
1.7527,1.9266
1.7531,1.9253
1.7534,1.924
1.7538,1.9227
1.7541,1.9214
1.7545,1.9201
1.7549,1.9188
1.7552,1.9175
1.7556,1.9162
1.7559,1.915
1.7563,1.9137
1.7566,1.9124
1.757,1.9111
1.7573,1.9098
1.7577,1.9085
1.758,1.9072
1.7584,1.9059
1.7587,1.9046
1.7591,1.9033
1.7594,1.902
1.7598,1.9007
1.7601,1.8994
1.7605,1.8981
1.7608,1.8969
1.7612,1.8956
1.7615,1.8943
1.7619,1.893
1.7622,1.8917
1.7626,1.8904
1.7629,1.8891
1.7632,1.8878
1.7636,1.8865
1.7639,1.8852
1.7643,1.8839
1.7646,1.8826
1.765,1.8813
1.7653,1.88
1.7657,1.8788
1.766,1.8775
1.7664,1.8762
1.7667,1.8749
1.767,1.8736
1.7674,1.8723
1.7677,1.871
1.7681,1.8697
1.7684,1.8684
1.7687,1.8671
1.7691,1.8658
1.7694,1.8645
1.7698,1.8633
1.7701,1.862
1.7704,1.8607
1.7708,1.8594
1.7711,1.8581
1.7715,1.8568
1.7718,1.8555
1.7721,1.8542
1.7725,1.8529
1.7728,1.8516
1.7732,1.8503
1.7735,1.849
1.7738,1.8478
1.7742,1.8465
1.7745,1.8452
1.7748,1.8439
1.7752,1.8426
1.7755,1.8413
1.7758,1.84
1.7762,1.8387
1.7765,1.8374
1.7768,1.8361
1.7772,1.8348
1.7775,1.8336
1.7778,1.8323
1.7782,1.831
1.7785,1.8297
1.7788,1.8284
1.7792,1.8271
1.7795,1.8258
1.7798,1.8245
1.7802,1.8232
1.7805,1.8219
1.7808,1.8207
1.7811,1.8194
1.7815,1.8181
1.7818,1.8168
1.7821,1.8155
1.7825,1.8142
1.7828,1.8129
1.7831,1.8116
1.7834,1.8103
1.7838,1.809
1.7841,1.8078
1.7844,1.8065
1.7848,1.8052
1.7851,1.8039
1.7854,1.8026
1.7857,1.8013
1.7861,1.8
1.7864,1.7987
1.7867,1.7974
1.787,1.7962
1.7873,1.7949
1.7877,1.7936
1.788,1.7923
1.7883,1.791
1.7886,1.7897
1.789,1.7884
1.7893,1.7871
1.7896,1.7858
1.7899,1.7846
1.7902,1.7833
1.7906,1.782
1.7909,1.7807
1.7912,1.7794
1.7915,1.7781
1.7918,1.7768
1.7922,1.7755
1.7925,1.7743
1.7928,1.773
1.7931,1.7717
1.7934,1.7704
1.7938,1.7691
1.7941,1.7678
1.7944,1.7665
1.7947,1.7653
1.795,1.764
1.7953,1.7627
1.7957,1.7614
1.796,1.7601
1.7963,1.7588
1.7966,1.7575
1.7969,1.7562
1.7972,1.755
1.7975,1.7537
1.7979,1.7524
1.7982,1.7511
1.7985,1.7498
1.7988,1.7485
1.7991,1.7472
1.7994,1.746
1.7997,1.7447
1.8,1.7434
1.8004,1.7421
1.8007,1.7408
1.801,1.7395
1.8013,1.7382
1.8016,1.737
1.8019,1.7357
1.8022,1.7344
1.8025,1.7331
1.8028,1.7318
1.8031,1.7305
1.8034,1.7293
1.8038,1.728
1.8041,1.7267
1.8044,1.7254
1.8047,1.7241
1.805,1.7228
1.8053,1.7216
1.8056,1.7203
1.8059,1.719
1.8062,1.7177
1.8065,1.7164
1.8068,1.7151
1.8071,1.7139
1.8074,1.7126
1.8077,1.7113
1.808,1.71
1.8083,1.7087
1.8086,1.7074
1.8089,1.7062
1.8092,1.7049
1.8095,1.7036
1.8098,1.7023
1.8101,1.701
1.8104,1.6998
1.8107,1.6985
1.811,1.6972
1.8113,1.6959
1.8116,1.6946
1.8119,1.6933
1.8122,1.6921
1.8125,1.6908
1.8128,1.6895
1.8131,1.6882
1.8134,1.6869
1.8137,1.6857
1.814,1.6844
1.8143,1.6831
1.8146,1.6818
1.8149,1.6805
1.8152,1.6793
1.8155,1.678
1.8158,1.6767
1.8161,1.6754
1.8164,1.6741
1.8167,1.6729
1.817,1.6716
1.8173,1.6703
1.8176,1.669
1.8179,1.6678
1.8182,1.6665
1.8185,1.6652
1.8187,1.6639
1.819,1.6626
1.8193,1.6614
1.8196,1.6601
1.8199,1.6588
1.8202,1.6575
1.8205,1.6562
1.8208,1.655
1.8211,1.6537
1.8214,1.6524
1.8217,1.6511
1.8219,1.6499
1.8222,1.6486
1.8225,1.6473
1.8228,1.646
1.8231,1.6448
1.8234,1.6435
1.8237,1.6422
1.824,1.6409
1.8242,1.6397
1.8245,1.6384
1.8248,1.6371
1.8251,1.6358
1.8254,1.6346
1.8257,1.6333
1.826,1.632
1.8262,1.6307
1.8265,1.6295
1.8268,1.6282
1.8271,1.6269
1.8274,1.6256
1.8277,1.6244
1.8279,1.6231
1.8282,1.6218
1.8285,1.6205
1.8288,1.6193
1.8291,1.618
1.8294,1.6167
1.8296,1.6154
1.8299,1.6142
1.8302,1.6129
1.8305,1.6116
1.8308,1.6104
1.831,1.6091
1.8313,1.6078
1.8316,1.6065
1.8319,1.6053
1.8322,1.604
1.8324,1.6027
1.8327,1.6015
1.833,1.6002
1.8333,1.5989
1.8335,1.5976
1.8338,1.5964
1.8341,1.5951
1.8344,1.5938
1.8347,1.5926
1.8349,1.5913
1.8352,1.59
1.8355,1.5887
1.8358,1.5875
1.836,1.5862
1.8363,1.5849
1.8366,1.5837
1.8368,1.5824
1.8371,1.5811
1.8374,1.5799
1.8377,1.5786
1.8379,1.5773
1.8382,1.5761
1.8385,1.5748
1.8388,1.5735
1.839,1.5723
1.8393,1.571
1.8396,1.5697
1.8398,1.5685
1.8401,1.5672
1.8404,1.5659
1.8406,1.5647
1.8409,1.5634
1.8412,1.5621
1.8414,1.5609
1.8417,1.5596
1.842,1.5583
1.8423,1.5571
1.8425,1.5558
1.8428,1.5545
1.8431,1.5533
1.8433,1.552
1.8436,1.5507
1.8439,1.5495
1.8441,1.5482
1.8444,1.5469
1.8446,1.5457
1.8449,1.5444
1.8452,1.5431
1.8454,1.5419
1.8457,1.5406
1.846,1.5394
1.8462,1.5381
1.8465,1.5368
1.8468,1.5356
1.847,1.5343
1.8473,1.533
1.8475,1.5318
1.8478,1.5305
1.8481,1.5293
1.8483,1.528
1.8486,1.5267
1.8488,1.5255
1.8491,1.5242
1.8494,1.5229
1.8496,1.5217
1.8499,1.5204
1.8501,1.5192
1.8504,1.5179
1.8507,1.5166
1.8509,1.5154
1.8512,1.5141
1.8514,1.5129
1.8517,1.5116
1.8519,1.5103
1.8522,1.5091
1.8525,1.5078
1.8527,1.5066
1.853,1.5053
1.8532,1.5041
1.8535,1.5028
1.8537,1.5015
1.854,1.5003
1.8542,1.499
1.8545,1.4978
1.8548,1.4965
1.855,1.4953
1.8553,1.494
1.8555,1.4927
1.8558,1.4915
1.856,1.4902
1.8563,1.489
1.8565,1.4877
1.8568,1.4865
1.857,1.4852
1.8573,1.4839
1.8575,1.4827
1.8578,1.4814
1.858,1.4802
1.8583,1.4789
1.8585,1.4777
1.8588,1.4764
1.859,1.4752
1.8593,1.4739
1.8595,1.4727
1.8598,1.4714
1.86,1.4702
1.8603,1.4689
1.8605,1.4676
1.8608,1.4664
1.861,1.4651
1.8613,1.4639
1.8615,1.4626
1.8617,1.4614
1.862,1.4601
1.8622,1.4589
1.8625,1.4576
1.8627,1.4564
1.863,1.4551
1.8632,1.4539
1.8635,1.4526
1.8637,1.4514
1.8639,1.4501
1.8642,1.4489
1.8644,1.4476
1.8647,1.4464
1.8649,1.4451
1.8652,1.4439
1.8654,1.4426
1.8656,1.4414
1.8659,1.4401
1.8661,1.4389
1.8664,1.4376
1.8666,1.4364
1.8668,1.4352
1.8671,1.4339
1.8673,1.4327
1.8676,1.4314
1.8678,1.4302
1.868,1.4289
1.8683,1.4277
1.8685,1.4264
1.8687,1.4252
1.869,1.4239
1.8692,1.4227
1.8695,1.4214
1.8697,1.4202
1.8699,1.419
1.8702,1.4177
1.8704,1.4165
1.8706,1.4152
1.8709,1.414
1.8711,1.4127
1.8713,1.4115
1.8716,1.4103
1.8718,1.409
1.872,1.4078
1.8723,1.4065
1.8725,1.4053
1.8727,1.404
1.873,1.4028
1.8732,1.4016
1.8734,1.4003
1.8737,1.3991
1.8739,1.3978
1.8741,1.3966
1.8744,1.3954
1.8746,1.3941
1.8748,1.3929
1.8751,1.3916
1.8753,1.3904
1.8755,1.3892
1.8757,1.3879
1.876,1.3867
1.8762,1.3854
1.8764,1.3842
1.8767,1.383
1.8769,1.3817
1.8771,1.3805
1.8773,1.3793
1.8776,1.378
1.8778,1.3768
1.878,1.3755
1.8782,1.3743
1.8785,1.3731
1.8787,1.3718
1.8789,1.3706
1.8792,1.3694
1.8794,1.3681
1.8796,1.3669
1.8798,1.3657
1.8801,1.3644
1.8803,1.3632
1.8805,1.362
1.8807,1.3607
1.8809,1.3595
1.8812,1.3583
1.8814,1.357
1.8816,1.3558
1.8818,1.3546
1.8821,1.3533
1.8823,1.3521
1.8825,1.3509
1.8827,1.3496
1.8829,1.3484
1.8832,1.3472
1.8834,1.3459
1.8836,1.3447
1.8838,1.3435
1.884,1.3422
1.8843,1.341
1.8845,1.3398
1.8847,1.3385
1.8849,1.3373
1.8851,1.3361
1.8853,1.3349
1.8856,1.3336
1.8858,1.3324
1.886,1.3312
1.8862,1.3299
1.8864,1.3287
1.8866,1.3275
1.8869,1.3263
1.8871,1.325
1.8873,1.3238
1.8875,1.3226
1.8877,1.3214
1.8879,1.3201
1.8882,1.3189
1.8884,1.3177
1.8886,1.3165
1.8888,1.3152
1.889,1.314
1.8892,1.3128
1.8894,1.3116
1.8896,1.3103
1.8899,1.3091
1.8901,1.3079
1.8903,1.3067
1.8905,1.3054
1.8907,1.3042
1.8909,1.303
1.8911,1.3018
1.8913,1.3005
1.8915,1.2993
1.8918,1.2981
1.892,1.2969
1.8922,1.2957
1.8924,1.2944
1.8926,1.2932
1.8928,1.292
1.893,1.2908
1.8932,1.2896
1.8934,1.2883
1.8936,1.2871
1.8938,1.2859
1.894,1.2847
1.8942,1.2835
1.8945,1.2822
1.8947,1.281
1.8949,1.2798
1.8951,1.2786
1.8953,1.2774
1.8955,1.2762
1.8957,1.2749
1.8959,1.2737
1.8961,1.2725
1.8963,1.2713
1.8965,1.2701
1.8967,1.2689
1.8969,1.2676
1.8971,1.2664
1.8973,1.2652
1.8975,1.264
1.8977,1.2628
1.8979,1.2616
1.8981,1.2604
1.8983,1.2591
1.8985,1.2579
1.8987,1.2567
1.8989,1.2555
1.8991,1.2543
1.8993,1.2531
1.8995,1.2519
1.8997,1.2507
1.8999,1.2494
1.9001,1.2482
1.9003,1.247
1.9005,1.2458
1.9007,1.2446
1.9009,1.2434
1.9011,1.2422
1.9013,1.241
1.9015,1.2398
1.9017,1.2386
1.9019,1.2373
1.9021,1.2361
1.9023,1.2349
1.9025,1.2337
1.9027,1.2325
1.9029,1.2313
1.9031,1.2301
1.9033,1.2289
1.9035,1.2277
1.9037,1.2265
1.9039,1.2253
1.9041,1.2241
1.9042,1.2229
1.9044,1.2217
1.9046,1.2205
1.9048,1.2192
1.905,1.218
1.9052,1.2168
1.9054,1.2156
1.9056,1.2144
1.9058,1.2132
1.906,1.212
1.9062,1.2108
1.9064,1.2096
1.9065,1.2084
1.9067,1.2072
1.9069,1.206
1.9071,1.2048
1.9073,1.2036
1.9075,1.2024
1.9077,1.2012
1.9079,1.2
1.9081,1.1988
1.9083,1.1976
1.9084,1.1964
1.9086,1.1952
1.9088,1.194
1.909,1.1928
1.9092,1.1916
1.9094,1.1904
1.9096,1.1892
1.9098,1.188
1.9099,1.1868
1.9101,1.1856
1.9103,1.1844
1.9105,1.1832
1.9107,1.182
1.9109,1.1808
1.911,1.1796
1.9112,1.1785
1.9114,1.1773
1.9116,1.1761
1.9118,1.1749
1.912,1.1737
1.9122,1.1725
1.9123,1.1713
1.9125,1.1701
1.9127,1.1689
1.9129,1.1677
1.9131,1.1665
1.9132,1.1653
1.9134,1.1641
1.9136,1.1629
1.9138,1.1617
1.914,1.1606
1.9141,1.1594
1.9143,1.1582
1.9145,1.157
1.9147,1.1558
1.9149,1.1546
1.915,1.1534
1.9152,1.1522
1.9154,1.151
1.9156,1.1498
1.9158,1.1487
1.9159,1.1475
1.9161,1.1463
1.9163,1.1451
1.9165,1.1439
1.9166,1.1427
1.9168,1.1415
1.917,1.1404
1.9172,1.1392
1.9174,1.138
1.9175,1.1368
1.9177,1.1356
1.9179,1.1344
1.9181,1.1332
1.9182,1.1321
1.9184,1.1309
1.9186,1.1297
1.9188,1.1285
1.9189,1.1273
1.9191,1.1261
1.9193,1.125
1.9194,1.1238
1.9196,1.1226
1.9198,1.1214
1.92,1.1202
1.9201,1.119
1.9203,1.1179
1.9205,1.1167
1.9207,1.1155
1.9208,1.1143
1.921,1.1131
1.9212,1.112
1.9213,1.1108
1.9215,1.1096
1.9217,1.1084
1.9218,1.1073
1.922,1.1061
1.9222,1.1049
1.9224,1.1037
1.9225,1.1025
1.9227,1.1014
1.9229,1.1002
1.923,1.099
1.9232,1.0978
1.9234,1.0967
1.9235,1.0955
1.9237,1.0943
1.9239,1.0931
1.924,1.092
1.9242,1.0908
1.9244,1.0896
1.9245,1.0884
1.9247,1.0873
1.9249,1.0861
1.925,1.0849
1.9252,1.0838
1.9254,1.0826
1.9255,1.0814
1.9257,1.0802
1.9259,1.0791
1.926,1.0779
1.9262,1.0767
1.9263,1.0756
1.9265,1.0744
1.9267,1.0732
1.9268,1.072
1.927,1.0709
1.9272,1.0697
1.9273,1.0685
1.9275,1.0674
1.9276,1.0662
1.9278,1.065
1.928,1.0639
1.9281,1.0627
1.9283,1.0615
1.9284,1.0604
1.9286,1.0592
1.9288,1.058
1.9289,1.0569
1.9291,1.0557
1.9292,1.0545
1.9294,1.0534
1.9296,1.0522
1.9297,1.0511
1.9299,1.0499
1.93,1.0487
1.9302,1.0476
1.9304,1.0464
1.9305,1.0452
1.9307,1.0441
1.9308,1.0429
1.931,1.0418
1.9311,1.0406
1.9313,1.0394
1.9314,1.0383
1.9316,1.0371
1.9318,1.036
1.9319,1.0348
1.9321,1.0336
1.9322,1.0325
1.9324,1.0313
1.9325,1.0302
1.9327,1.029
1.9328,1.0278
1.933,1.0267
1.9332,1.0255
1.9333,1.0244
1.9335,1.0232
1.9336,1.0221
1.9338,1.0209
1.9339,1.0198
1.9341,1.0186
1.9342,1.0174
1.9344,1.0163
1.9345,1.0151
1.9347,1.014
1.9348,1.0128
1.935,1.0117
1.9351,1.0105
1.9353,1.0094
1.9354,1.0082
1.9356,1.0071
1.9357,1.0059
1.9359,1.0048
1.936,1.0036
1.9362,1.0025
1.9363,1.0013
1.9365,1.0002
1.9366,0.99901
1.9368,0.99786
1.9369,0.99671
1.9371,0.99556
1.9372,0.99442
1.9374,0.99327
1.9375,0.99212
1.9377,0.99097
1.9378,0.98982
1.9379,0.98868
1.9381,0.98753
1.9382,0.98638
1.9384,0.98524
1.9385,0.98409
1.9387,0.98295
1.9388,0.9818
1.939,0.98066
1.9391,0.97951
1.9393,0.97837
1.9394,0.97723
1.9395,0.97608
1.9397,0.97494
1.9398,0.9738
1.94,0.97265
1.9401,0.97151
1.9403,0.97037
1.9404,0.96923
1.9405,0.96809
1.9407,0.96695
1.9408,0.96581
1.941,0.96467
1.9411,0.96353
1.9413,0.96239
1.9414,0.96125
1.9415,0.96011
1.9417,0.95897
1.9418,0.95783
1.942,0.95669
1.9421,0.95556
1.9422,0.95442
1.9424,0.95328
1.9425,0.95215
1.9427,0.95101
1.9428,0.94987
1.9429,0.94874
1.9431,0.9476
1.9432,0.94647
1.9433,0.94533
1.9435,0.9442
1.9436,0.94306
1.9438,0.94193
1.9439,0.9408
1.944,0.93966
1.9442,0.93853
1.9443,0.9374
1.9444,0.93627
1.9446,0.93513
1.9447,0.934
1.9448,0.93287
1.945,0.93174
1.9451,0.93061
1.9453,0.92948
1.9454,0.92835
1.9455,0.92722
1.9457,0.92609
1.9458,0.92496
1.9459,0.92383
1.9461,0.92271
1.9462,0.92158
1.9463,0.92045
1.9465,0.91932
1.9466,0.9182
1.9467,0.91707
1.9469,0.91594
1.947,0.91482
1.9471,0.91369
1.9473,0.91257
1.9474,0.91144
1.9475,0.91032
1.9477,0.90919
1.9478,0.90807
1.9479,0.90694
1.948,0.90582
1.9482,0.9047
1.9483,0.90358
1.9484,0.90245
1.9486,0.90133
1.9487,0.90021
1.9488,0.89909
1.949,0.89797
1.9491,0.89685
1.9492,0.89573
1.9493,0.89461
1.9495,0.89349
1.9496,0.89237
1.9497,0.89125
1.9499,0.89013
1.95,0.88901
1.9501,0.88789
1.9502,0.88677
1.9504,0.88566
1.9505,0.88454
1.9506,0.88342
1.9507,0.88231
1.9509,0.88119
1.951,0.88007
1.9511,0.87896
1.9512,0.87784
1.9514,0.87673
1.9515,0.87561
1.9516,0.8745
1.9517,0.87339
1.9519,0.87227
1.952,0.87116
1.9521,0.87005
1.9522,0.86894
1.9524,0.86782
1.9525,0.86671
1.9526,0.8656
1.9527,0.86449
1.9529,0.86338
1.953,0.86227
1.9531,0.86116
1.9532,0.86005
1.9533,0.85894
1.9535,0.85783
1.9536,0.85672
1.9537,0.85561
1.9538,0.8545
1.954,0.8534
1.9541,0.85229
1.9542,0.85118
1.9543,0.85007
1.9544,0.84897
1.9546,0.84786
1.9547,0.84676
1.9548,0.84565
1.9549,0.84455
1.955,0.84344
1.9552,0.84234
1.9553,0.84123
1.9554,0.84013
1.9555,0.83902
1.9556,0.83792
1.9557,0.83682
1.9559,0.83572
1.956,0.83461
1.9561,0.83351
1.9562,0.83241
1.9563,0.83131
1.9564,0.83021
1.9566,0.82911
1.9567,0.82801
1.9568,0.82691
1.9569,0.82581
1.957,0.82471
1.9571,0.82361
1.9573,0.82251
1.9574,0.82142
1.9575,0.82032
1.9576,0.81922
1.9577,0.81812
1.9578,0.81703
1.9579,0.81593
1.9581,0.81483
1.9582,0.81374
1.9583,0.81264
1.9584,0.81155
1.9585,0.81045
1.9586,0.80936
1.9587,0.80827
1.9589,0.80717
1.959,0.80608
1.9591,0.80499
1.9592,0.80389
1.9593,0.8028
1.9594,0.80171
1.9595,0.80062
1.9596,0.79953
1.9598,0.79843
1.9599,0.79734
1.96,0.79625
1.9601,0.79516
1.9602,0.79407
1.9603,0.79299
1.9604,0.7919
1.9605,0.79081
1.9606,0.78972
1.9607,0.78863
1.9609,0.78754
1.961,0.78646
1.9611,0.78537
1.9612,0.78428
1.9613,0.7832
1.9614,0.78211
1.9615,0.78103
1.9616,0.77994
1.9617,0.77886
1.9618,0.77777
1.9619,0.77669
1.962,0.7756
1.9621,0.77452
1.9623,0.77344
1.9624,0.77235
1.9625,0.77127
1.9626,0.77019
1.9627,0.76911
1.9628,0.76803
1.9629,0.76695
1.963,0.76587
1.9631,0.76478
1.9632,0.7637
1.9633,0.76262
1.9634,0.76155
1.9635,0.76047
1.9636,0.75939
1.9637,0.75831
1.9638,0.75723
1.9639,0.75615
1.964,0.75508
1.9641,0.754
1.9642,0.75292
1.9644,0.75185
1.9645,0.75077
1.9646,0.7497
1.9647,0.74862
1.9648,0.74755
1.9649,0.74647
1.965,0.7454
1.9651,0.74432
1.9652,0.74325
1.9653,0.74218
1.9654,0.7411
1.9655,0.74003
1.9656,0.73896
1.9657,0.73789
1.9658,0.73682
1.9659,0.73574
1.966,0.73467
1.9661,0.7336
1.9662,0.73253
1.9663,0.73146
1.9664,0.73039
1.9665,0.72933
1.9666,0.72826
1.9667,0.72719
1.9668,0.72612
1.9669,0.72505
1.967,0.72399
1.9671,0.72292
1.9672,0.72185
1.9673,0.72079
1.9674,0.71972
1.9675,0.71865
1.9676,0.71759
1.9677,0.71652
1.9677,0.71546
1.9678,0.7144
1.9679,0.71333
1.968,0.71227
1.9681,0.71121
1.9682,0.71014
1.9683,0.70908
1.9684,0.70802
1.9685,0.70696
1.9686,0.70589
1.9687,0.70483
1.9688,0.70377
1.9689,0.70271
1.969,0.70165
1.9691,0.70059
1.9692,0.69953
1.9693,0.69847
1.9694,0.69742
1.9695,0.69636
1.9696,0.6953
1.9696,0.69424
1.9697,0.69319
1.9698,0.69213
1.9699,0.69107
1.97,0.69002
1.9701,0.68896
1.9702,0.6879
1.9703,0.68685
1.9704,0.68579
1.9705,0.68474
1.9706,0.68369
1.9707,0.68263
1.9708,0.68158
1.9708,0.68053
1.9709,0.67947
1.971,0.67842
1.9711,0.67737
1.9712,0.67632
1.9713,0.67527
1.9714,0.67421
1.9715,0.67316
1.9716,0.67211
1.9717,0.67106
1.9717,0.67001
1.9718,0.66896
1.9719,0.66792
1.972,0.66687
1.9721,0.66582
1.9722,0.66477
1.9723,0.66372
1.9724,0.66268
1.9725,0.66163
1.9725,0.66058
1.9726,0.65954
1.9727,0.65849
1.9728,0.65745
1.9729,0.6564
1.973,0.65536
1.9731,0.65431
1.9731,0.65327
1.9732,0.65222
1.9733,0.65118
1.9734,0.65014
1.9735,0.6491
1.9736,0.64805
1.9737,0.64701
1.9737,0.64597
1.9738,0.64493
1.9739,0.64389
1.974,0.64285
1.9741,0.64181
1.9742,0.64077
1.9743,0.63973
1.9743,0.63869
1.9744,0.63765
1.9745,0.63661
1.9746,0.63557
1.9747,0.63454
1.9748,0.6335
1.9748,0.63246
1.9749,0.63143
1.975,0.63039
1.9751,0.62935
1.9752,0.62832
1.9753,0.62728
1.9753,0.62625
1.9754,0.62521
1.9755,0.62418
1.9756,0.62315
1.9757,0.62211
1.9757,0.62108
1.9758,0.62005
1.9759,0.61901
1.976,0.61798
1.9761,0.61695
1.9761,0.61592
1.9762,0.61489
1.9763,0.61386
1.9764,0.61283
1.9765,0.6118
1.9765,0.61077
1.9766,0.60974
1.9767,0.60871
1.9768,0.60768
1.9769,0.60665
1.9769,0.60562
1.977,0.6046
1.9771,0.60357
1.9772,0.60254
1.9773,0.60152
1.9773,0.60049
1.9774,0.59946
1.9775,0.59844
1.9776,0.59741
1.9776,0.59639
1.9777,0.59536
1.9778,0.59434
1.9779,0.59332
1.978,0.59229
1.978,0.59127
1.9781,0.59025
1.9782,0.58923
1.9783,0.5882
1.9783,0.58718
1.9784,0.58616
1.9785,0.58514
1.9786,0.58412
1.9786,0.5831
1.9787,0.58208
1.9788,0.58106
1.9789,0.58004
1.9789,0.57902
1.979,0.578
1.9791,0.57699
1.9792,0.57597
1.9792,0.57495
1.9793,0.57394
1.9794,0.57292
1.9795,0.5719
1.9795,0.57089
1.9796,0.56987
1.9797,0.56886
1.9797,0.56784
1.9798,0.56683
1.9799,0.56581
1.98,0.5648
1.98,0.56378
1.9801,0.56277
1.9802,0.56176
1.9803,0.56075
1.9803,0.55973
1.9804,0.55872
1.9805,0.55771
1.9805,0.5567
1.9806,0.55569
1.9807,0.55468
1.9807,0.55367
1.9808,0.55266
1.9809,0.55165
1.981,0.55064
1.981,0.54963
1.9811,0.54863
1.9812,0.54762
1.9812,0.54661
1.9813,0.5456
1.9814,0.5446
1.9814,0.54359
1.9815,0.54258
1.9816,0.54158
1.9817,0.54057
1.9817,0.53957
1.9818,0.53856
1.9819,0.53756
1.9819,0.53656
1.982,0.53555
1.9821,0.53455
1.9821,0.53355
1.9822,0.53254
1.9823,0.53154
1.9823,0.53054
1.9824,0.52954
1.9825,0.52854
1.9825,0.52754
1.9826,0.52654
1.9827,0.52554
1.9827,0.52454
1.9828,0.52354
1.9829,0.52254
1.9829,0.52154
1.983,0.52054
1.9831,0.51954
1.9831,0.51855
1.9832,0.51755
1.9833,0.51655
1.9833,0.51556
1.9834,0.51456
1.9834,0.51356
1.9835,0.51257
1.9836,0.51157
1.9836,0.51058
1.9837,0.50958
1.9838,0.50859
1.9838,0.5076
1.9839,0.5066
1.984,0.50561
1.984,0.50462
1.9841,0.50362
1.9841,0.50263
1.9842,0.50164
1.9843,0.50065
1.9843,0.49966
1.9844,0.49867
1.9845,0.49768
1.9845,0.49669
1.9846,0.4957
1.9846,0.49471
1.9847,0.49372
1.9848,0.49273
1.9848,0.49174
1.9849,0.49076
1.985,0.48977
1.985,0.48878
1.9851,0.4878
1.9851,0.48681
1.9852,0.48582
1.9853,0.48484
1.9853,0.48385
1.9854,0.48287
1.9854,0.48188
1.9855,0.4809
1.9856,0.47992
1.9856,0.47893
1.9857,0.47795
1.9857,0.47697
1.9858,0.47598
1.9858,0.475
1.9859,0.47402
1.986,0.47304
1.986,0.47206
1.9861,0.47108
1.9861,0.4701
1.9862,0.46912
1.9863,0.46814
1.9863,0.46716
1.9864,0.46618
1.9864,0.4652
1.9865,0.46422
1.9865,0.46325
1.9866,0.46227
1.9867,0.46129
1.9867,0.46031
1.9868,0.45934
1.9868,0.45836
1.9869,0.45739
1.9869,0.45641
1.987,0.45544
1.987,0.45446
1.9871,0.45349
1.9872,0.45251
1.9872,0.45154
1.9873,0.45057
1.9873,0.44959
1.9874,0.44862
1.9874,0.44765
1.9875,0.44668
1.9875,0.44571
1.9876,0.44473
1.9877,0.44376
1.9877,0.44279
1.9878,0.44182
1.9878,0.44085
1.9879,0.43988
1.9879,0.43892
1.988,0.43795
1.988,0.43698
1.9881,0.43601
1.9881,0.43504
1.9882,0.43408
1.9882,0.43311
1.9883,0.43214
1.9883,0.43118
1.9884,0.43021
1.9885,0.42924
1.9885,0.42828
1.9886,0.42731
1.9886,0.42635
1.9887,0.42539
1.9887,0.42442
1.9888,0.42346
1.9888,0.4225
1.9889,0.42153
1.9889,0.42057
1.989,0.41961
1.989,0.41865
1.9891,0.41769
1.9891,0.41673
1.9892,0.41576
1.9892,0.4148
1.9893,0.41384
1.9893,0.41289
1.9894,0.41193
1.9894,0.41097
1.9895,0.41001
1.9895,0.40905
1.9896,0.40809
1.9896,0.40714
1.9897,0.40618
1.9897,0.40522
1.9898,0.40427
1.9898,0.40331
1.9899,0.40235
1.9899,0.4014
1.99,0.40044
1.99,0.39949
1.99,0.39854
1.9901,0.39758
1.9901,0.39663
1.9902,0.39567
1.9902,0.39472
1.9903,0.39377
1.9903,0.39282
1.9904,0.39187
1.9904,0.39091
1.9905,0.38996
1.9905,0.38901
1.9906,0.38806
1.9906,0.38711
1.9907,0.38616
1.9907,0.38521
1.9907,0.38426
1.9908,0.38332
1.9908,0.38237
1.9909,0.38142
1.9909,0.38047
1.991,0.37952
1.991,0.37858
1.9911,0.37763
1.9911,0.37669
1.9912,0.37574
1.9912,0.37479
1.9912,0.37385
1.9913,0.3729
1.9913,0.37196
1.9914,0.37102
1.9914,0.37007
1.9915,0.36913
1.9915,0.36819
1.9916,0.36724
1.9916,0.3663
1.9916,0.36536
1.9917,0.36442
1.9917,0.36348
1.9918,0.36253
1.9918,0.36159
1.9919,0.36065
1.9919,0.35971
1.9919,0.35877
1.992,0.35784
1.992,0.3569
1.9921,0.35596
1.9921,0.35502
1.9921,0.35408
1.9922,0.35315
1.9922,0.35221
1.9923,0.35127
1.9923,0.35034
1.9924,0.3494
1.9924,0.34846
1.9924,0.34753
1.9925,0.34659
1.9925,0.34566
1.9926,0.34472
1.9926,0.34379
1.9926,0.34286
1.9927,0.34192
1.9927,0.34099
1.9928,0.34006
1.9928,0.33913
1.9928,0.33819
1.9929,0.33726
1.9929,0.33633
1.993,0.3354
1.993,0.33447
1.993,0.33354
1.9931,0.33261
1.9931,0.33168
1.9932,0.33075
1.9932,0.32982
1.9932,0.3289
1.9933,0.32797
1.9933,0.32704
1.9933,0.32611
1.9934,0.32519
1.9934,0.32426
1.9935,0.32333
1.9935,0.32241
1.9935,0.32148
1.9936,0.32056
1.9936,0.31963
1.9936,0.31871
1.9937,0.31778
1.9937,0.31686
1.9938,0.31594
1.9938,0.31501
1.9938,0.31409
1.9939,0.31317
1.9939,0.31225
1.9939,0.31132
1.994,0.3104
1.994,0.30948
1.994,0.30856
1.9941,0.30764
1.9941,0.30672
1.9941,0.3058
1.9942,0.30488
1.9942,0.30396
1.9943,0.30304
1.9943,0.30213
1.9943,0.30121
1.9944,0.30029
1.9944,0.29937
1.9944,0.29846
1.9945,0.29754
1.9945,0.29662
1.9945,0.29571
1.9946,0.29479
1.9946,0.29388
1.9946,0.29296
1.9947,0.29205
1.9947,0.29113
1.9947,0.29022
1.9948,0.28931
1.9948,0.28839
1.9948,0.28748
1.9949,0.28657
1.9949,0.28566
1.9949,0.28475
1.995,0.28383
1.995,0.28292
1.995,0.28201
1.9951,0.2811
1.9951,0.28019
1.9951,0.27928
1.9952,0.27837
1.9952,0.27746
1.9952,0.27656
1.9952,0.27565
1.9953,0.27474
1.9953,0.27383
1.9953,0.27293
1.9954,0.27202
1.9954,0.27111
1.9954,0.27021
1.9955,0.2693
1.9955,0.26839
1.9955,0.26749
1.9956,0.26658
1.9956,0.26568
1.9956,0.26478
1.9956,0.26387
1.9957,0.26297
1.9957,0.26207
1.9957,0.26116
1.9958,0.26026
1.9958,0.25936
1.9958,0.25846
1.9958,0.25756
1.9959,0.25666
1.9959,0.25575
1.9959,0.25485
1.996,0.25395
1.996,0.25306
1.996,0.25216
1.9961,0.25126
1.9961,0.25036
1.9961,0.24946
1.9961,0.24856
1.9962,0.24766
1.9962,0.24677
1.9962,0.24587
1.9962,0.24497
1.9963,0.24408
1.9963,0.24318
1.9963,0.24229
1.9964,0.24139
1.9964,0.2405
1.9964,0.2396
1.9964,0.23871
1.9965,0.23782
1.9965,0.23692
1.9965,0.23603
1.9965,0.23514
1.9966,0.23424
1.9966,0.23335
1.9966,0.23246
1.9966,0.23157
1.9967,0.23068
1.9967,0.22979
1.9967,0.2289
1.9967,0.22801
1.9968,0.22712
1.9968,0.22623
1.9968,0.22534
1.9968,0.22445
1.9969,0.22356
1.9969,0.22267
1.9969,0.22179
1.9969,0.2209
1.997,0.22001
1.997,0.21913
1.997,0.21824
1.997,0.21735
1.9971,0.21647
1.9971,0.21558
1.9971,0.2147
1.9971,0.21381
1.9972,0.21293
1.9972,0.21205
1.9972,0.21116
1.9972,0.21028
1.9973,0.2094
1.9973,0.20851
1.9973,0.20763
1.9973,0.20675
1.9973,0.20587
1.9974,0.20499
1.9974,0.20411
1.9974,0.20323
1.9974,0.20235
1.9975,0.20147
1.9975,0.20059
1.9975,0.19971
1.9975,0.19883
1.9975,0.19795
1.9976,0.19707
1.9976,0.1962
1.9976,0.19532
1.9976,0.19444
1.9977,0.19356
1.9977,0.19269
1.9977,0.19181
1.9977,0.19094
1.9977,0.19006
1.9978,0.18919
1.9978,0.18831
1.9978,0.18744
1.9978,0.18656
1.9978,0.18569
1.9979,0.18482
1.9979,0.18394
1.9979,0.18307
1.9979,0.1822
1.9979,0.18133
1.998,0.18046
1.998,0.17958
1.998,0.17871
1.998,0.17784
1.998,0.17697
1.9981,0.1761
1.9981,0.17523
1.9981,0.17436
1.9981,0.1735
1.9981,0.17263
1.9982,0.17176
1.9982,0.17089
1.9982,0.17002
1.9982,0.16916
1.9982,0.16829
1.9982,0.16742
1.9983,0.16656
1.9983,0.16569
1.9983,0.16483
1.9983,0.16396
1.9983,0.1631
1.9984,0.16223
1.9984,0.16137
1.9984,0.1605
1.9984,0.15964
1.9984,0.15878
1.9984,0.15791
1.9985,0.15705
1.9985,0.15619
1.9985,0.15533
1.9985,0.15447
1.9985,0.1536
1.9985,0.15274
1.9986,0.15188
1.9986,0.15102
1.9986,0.15016
1.9986,0.1493
1.9986,0.14845
1.9986,0.14759
1.9987,0.14673
1.9987,0.14587
1.9987,0.14501
1.9987,0.14415
1.9987,0.1433
1.9987,0.14244
1.9987,0.14158
1.9988,0.14073
1.9988,0.13987
1.9988,0.13902
1.9988,0.13816
1.9988,0.13731
1.9988,0.13645
1.9989,0.1356
1.9989,0.13475
1.9989,0.13389
1.9989,0.13304
1.9989,0.13219
1.9989,0.13133
1.9989,0.13048
1.9989,0.12963
1.999,0.12878
1.999,0.12793
1.999,0.12708
1.999,0.12623
1.999,0.12538
1.999,0.12453
1.999,0.12368
1.9991,0.12283
1.9991,0.12198
1.9991,0.12113
1.9991,0.12028
1.9991,0.11944
1.9991,0.11859
1.9991,0.11774
1.9991,0.11689
1.9992,0.11605
1.9992,0.1152
1.9992,0.11436
1.9992,0.11351
1.9992,0.11267
1.9992,0.11182
1.9992,0.11098
1.9992,0.11013
1.9993,0.10929
1.9993,0.10845
1.9993,0.1076
1.9993,0.10676
1.9993,0.10592
1.9993,0.10508
1.9993,0.10423
1.9993,0.10339
1.9993,0.10255
1.9994,0.10171
1.9994,0.10087
1.9994,0.10003
1.9994,0.09919
1.9994,0.098351
1.9994,0.097512
1.9994,0.096673
1.9994,0.095835
1.9994,0.094997
1.9994,0.094159
1.9995,0.093322
1.9995,0.092484
1.9995,0.091648
1.9995,0.090811
1.9995,0.089975
1.9995,0.089139
1.9995,0.088304
1.9995,0.087469
1.9995,0.086634
1.9995,0.0858
1.9995,0.084966
1.9996,0.084132
1.9996,0.083298
1.9996,0.082465
1.9996,0.081632
1.9996,0.0808
1.9996,0.079968
1.9996,0.079136
1.9996,0.078304
1.9996,0.077473
1.9996,0.076642
1.9996,0.075812
1.9996,0.074982
1.9997,0.074152
1.9997,0.073322
1.9997,0.072493
1.9997,0.071664
1.9997,0.070836
1.9997,0.070008
1.9997,0.06918
1.9997,0.068352
1.9997,0.067525
1.9997,0.066698
1.9997,0.065872
1.9997,0.065045
1.9997,0.064219
1.9997,0.063394
1.9998,0.062569
1.9998,0.061744
1.9998,0.060919
1.9998,0.060095
1.9998,0.059271
1.9998,0.058447
1.9998,0.057624
1.9998,0.056801
1.9998,0.055978
1.9998,0.055156
1.9998,0.054334
1.9998,0.053512
1.9998,0.052691
1.9998,0.05187
1.9998,0.051049
1.9998,0.050229
1.9998,0.049409
1.9999,0.048589
1.9999,0.04777
1.9999,0.046951
1.9999,0.046132
1.9999,0.045314
1.9999,0.044496
1.9999,0.043678
1.9999,0.04286
1.9999,0.042043
1.9999,0.041227
1.9999,0.04041
1.9999,0.039594
1.9999,0.038778
1.9999,0.037963
1.9999,0.037148
1.9999,0.036333
1.9999,0.035518
1.9999,0.034704
1.9999,0.03389
1.9999,0.033077
1.9999,0.032264
1.9999,0.031451
1.9999,0.030638
1.9999,0.029826
1.9999,0.029014
2,0.028202
2,0.027391
2,0.02658
2,0.02577
2,0.024959
2,0.024149
2,0.02334
2,0.02253
2,0.021721
2,0.020913
2,0.020104
2,0.019296
2,0.018489
2,0.017681
2,0.016874
2,0.016067
2,0.015261
2,0.014455
2,0.013649
2,0.012844
2,0.012038
2,0.011234
2,0.010429
2,0.009625
2,0.0088211
2,0.0080176
2,0.0072144
2,0.0064115
2,0.005609
2,0.0048067
2,0.0040048
2,0.0032032
2,0.0024019
2,0.001601
2,0.00080032
2,0
